condition,workflow,run_id,task_id,sequence,step,kind,agent_id,answer,correct,contract_valid,confidence
solo,solo,035bd935-7373-4dd3-b8e0-f510252ca433,672fc00e13e5fbd332372f3f,0,answer,candidate,agent-1,"As \(N\to\infty\), the leading-order asymptotic ratio of the lightest solitonic mass to the next higher excitation is \(\displaystyle \frac{m_{1}}{m_{2}}=\frac{1}{\sqrt{2}}\) (with only \(O(1/N)\) corrections).",0,1,62.0
sample-3,independent_sample,04ddede2-3d9c-4a3b-b72d-a6a33d42dab6,66f0247d8777dcd82dba8253,0,sample_0,candidate,agent-1,"z[33(""%llu"", *(unsigned long long*)p)]",0,1,35.0
sample-3,independent_sample,04ddede2-3d9c-4a3b-b72d-a6a33d42dab6,66f0247d8777dcd82dba8253,1,sample_1,candidate,agent-2,z[8],0,1,78.0
sample-3,independent_sample,04ddede2-3d9c-4a3b-b72d-a6a33d42dab6,66f0247d8777dcd82dba8253,2,sample_2,candidate,agent-3,7,0,1,42.0
sample-3,independent_sample,05c2457b-5bb8-4181-a4b2-083d8dcc5879,673e37db8d2811de2a83c135,0,sample_0,candidate,agent-1,None of the above,0,1,22.0
sample-3,independent_sample,05c2457b-5bb8-4181-a4b2-083d8dcc5879,673e37db8d2811de2a83c135,1,sample_1,candidate,agent-2,"Correct combinations: **A, B, E**.",0,1,62.0
sample-3,independent_sample,05c2457b-5bb8-4181-a4b2-083d8dcc5879,673e37db8d2811de2a83c135,2,sample_2,candidate,agent-3,"Correct combinations: **A, B, E**.",0,1,62.0
sample-3,independent_sample,05c2457b-5bb8-4181-a4b2-083d8dcc5879,673e37db8d2811de2a83c135,3,aggregation,aggregate,,"Correct combinations: **A, B, E**.",0,1,66.67
sample-3,independent_sample,05cc1925-32ed-4b33-83b0-9731d37fcc9b,671d9e9d29e7fde7166e474d,0,sample_0,candidate,agent-1,A,0,1,84.0
sample-3,independent_sample,05cc1925-32ed-4b33-83b0-9731d37fcc9b,671d9e9d29e7fde7166e474d,1,sample_1,candidate,agent-2,C. Al1 and Al2 function as allosteric modulators for Zma1. Al1 and Al2 bind to the same site on Zma1. Rga1 is an irreversible inhibitor.,0,1,56.0
sample-3,independent_sample,05cc1925-32ed-4b33-83b0-9731d37fcc9b,671d9e9d29e7fde7166e474d,2,sample_2,candidate,agent-3,C,0,1,62.0
debate-3-answer,debate,08affebe-a453-4d73-bcb9-7204892310aa,6738d62e37f41423112a76ba,0,initial_0,candidate,agent-1,Yellow energy flow in time 1: \(\displaystyle \frac{92}{21}\).,0,1,58.0
debate-3-answer,debate,08affebe-a453-4d73-bcb9-7204892310aa,6738d62e37f41423112a76ba,1,initial_1,candidate,agent-2,Energy flowing through the yellow sides in time \(1\) is \(\displaystyle \frac{92}{21}\).,0,1,86.0
debate-3-answer,debate,08affebe-a453-4d73-bcb9-7204892310aa,6738d62e37f41423112a76ba,2,initial_2,candidate,agent-3,The energy flowing through the yellow sides in time \(1\) is \(\displaystyle \frac{92}{21}\) (in the same units as the flux).,0,1,72.0
debate-3-answer,debate,08affebe-a453-4d73-bcb9-7204892310aa,6738d62e37f41423112a76ba,3,debate_1_0,candidate,agent-1,\(\displaystyle \frac{92}{21}\),0,1,82.0
debate-3-answer,debate,08affebe-a453-4d73-bcb9-7204892310aa,6738d62e37f41423112a76ba,4,debate_1_1,candidate,agent-2,\(\displaystyle \frac{92}{21}\),0,1,82.0
debate-3-answer,debate,08affebe-a453-4d73-bcb9-7204892310aa,6738d62e37f41423112a76ba,5,debate_1_2,candidate,agent-3,Yellow energy flow through the yellow sides in time 1 is \(\displaystyle \frac{92}{21}\).,0,1,90.0
debate-3-answer,debate,08affebe-a453-4d73-bcb9-7204892310aa,6738d62e37f41423112a76ba,6,aggregation,aggregate,,\(\displaystyle \frac{92}{21}\),0,1,66.67
solo,solo,0af811df-30a0-43e0-bb13-6ac97b5fa41c,67057e2f6ab7d0d880663551,0,answer,candidate,agent-1,"I can’t uniquely reconstruct the hidden word from the clues alone because (1), (4), and (5) depend on unspecified word substitutions/replacements, and (2)–(3) are also not uniquely identifiable from the current phrasing. If you share the intended original trivia answers (or the specific words they want substituted back), I can immediately extract the second letters in order and give the hidden word.",0,1,22.0
debate-3-answer,debate,0b016dc8-7a7e-4532-b9e1-a5c209034a5c,6728b69ce3c03cd66bc102fe,0,initial_0,candidate,agent-1,C. 316 Stainless Steel,0,1,62.0
debate-3-answer,debate,0b016dc8-7a7e-4532-b9e1-a5c209034a5c,6728b69ce3c03cd66bc102fe,1,initial_1,candidate,agent-2,C. 316 Stainless Steel,0,1,72.0
debate-3-answer,debate,0b016dc8-7a7e-4532-b9e1-a5c209034a5c,6728b69ce3c03cd66bc102fe,2,initial_2,candidate,agent-3,C. 316 Stainless Steel,0,1,62.0
debate-3-answer,debate,0b016dc8-7a7e-4532-b9e1-a5c209034a5c,6728b69ce3c03cd66bc102fe,3,debate_1_0,candidate,agent-1,C. 316 Stainless Steel,0,1,66.0
debate-3-answer,debate,0b016dc8-7a7e-4532-b9e1-a5c209034a5c,6728b69ce3c03cd66bc102fe,4,debate_1_1,candidate,agent-2,C. 316 Stainless Steel,0,1,78.0
debate-3-answer,debate,0b016dc8-7a7e-4532-b9e1-a5c209034a5c,6728b69ce3c03cd66bc102fe,5,debate_1_2,candidate,agent-3,C. 316 Stainless Steel,0,1,68.0
debate-3-answer,debate,0b016dc8-7a7e-4532-b9e1-a5c209034a5c,6728b69ce3c03cd66bc102fe,6,aggregation,aggregate,,C. 316 Stainless Steel,0,1,100.0
sample-3,independent_sample,0f68997a-57b5-438d-95a4-823c4942ade0,677940d11be12d785a89f486,0,sample_0,candidate,agent-1,0,0,1,18.0
sample-3,independent_sample,0f68997a-57b5-438d-95a4-823c4942ade0,677940d11be12d785a89f486,1,sample_1,candidate,agent-2,0,0,1,28.0
sample-3,independent_sample,0f68997a-57b5-438d-95a4-823c4942ade0,677940d11be12d785a89f486,2,sample_2,candidate,agent-3,1,0,1,22.0
sample-3,independent_sample,0f68997a-57b5-438d-95a4-823c4942ade0,677940d11be12d785a89f486,3,aggregation,aggregate,,0,0,1,66.67
debate-3-answer,debate,187238f4-0f13-42c3-bec9-1a436679b214,673ad4214ff8ec86c1487ed3,0,initial_0,candidate,agent-1,"A, B, C, E, F",0,1,78.0
debate-3-answer,debate,187238f4-0f13-42c3-bec9-1a436679b214,673ad4214ff8ec86c1487ed3,1,initial_1,candidate,agent-2,"A, B, C, E, and F (with D being the weakest/most doubtful because collapsing a biphenyl-based 5CB-type core to a single benzene ring may not reliably keep nematic/smectic transitions near room temperature without additional tuning).",0,1,72.0
debate-3-answer,debate,187238f4-0f13-42c3-bec9-1a436679b214,673ad4214ff8ec86c1487ed3,2,initial_2,candidate,agent-3,"**A, B, C, E, F** (with **D** only as an *illustrative* example, not a guaranteed direct substitute for 5CB).  
**Reasoning (brief):** The closest match to your constraints is a design using a **single benzene rigid core**, **one flexible alkyl tail** (to tune melting/ordering), a **strongly polar terminal group like –CN** (to drive LC alignment), and **substitution/chain-length tuning** to bring transitions near room temperature. This is captured by **A + B + C + E + F**. **D** suggests a specific “5CB-like” modification to a single ring, but it’s not reliably transferable because 5CB’s *biphenyl anisotropy* is a major reason its phase behavior sits near room temperature.",0,1,74.0
debate-3-answer,debate,187238f4-0f13-42c3-bec9-1a436679b214,673ad4214ff8ec86c1487ed3,3,debate_1_0,candidate,agent-1,"A, B, C, E, F",0,1,92.0
debate-3-answer,debate,187238f4-0f13-42c3-bec9-1a436679b214,673ad4214ff8ec86c1487ed3,4,debate_1_1,candidate,agent-2,"A, B, C, E, F",0,1,78.0
debate-3-answer,debate,187238f4-0f13-42c3-bec9-1a436679b214,673ad4214ff8ec86c1487ed3,5,debate_1_2,candidate,agent-3,"A, B, C, E, F",0,1,82.0
debate-3-answer,debate,187238f4-0f13-42c3-bec9-1a436679b214,673ad4214ff8ec86c1487ed3,6,aggregation,aggregate,,"A, B, C, E, F",0,1,100.0
debate-3-answer,debate,1dd895d0-d651-42aa-8df7-4e07c65f7dc9,67398780bcaf1e028b8576a2,0,initial_0,candidate,agent-1,3.415e-1 GeV,0,1,92.0
debate-3-answer,debate,1dd895d0-d651-42aa-8df7-4e07c65f7dc9,67398780bcaf1e028b8576a2,1,initial_1,candidate,agent-2,3.413e-01 GeV,0,1,31.0
debate-3-answer,debate,1dd895d0-d651-42aa-8df7-4e07c65f7dc9,67398780bcaf1e028b8576a2,2,initial_2,candidate,agent-3,3.413×10^{-1} GeV,0,1,58.0
debate-3-answer,debate,1dd895d0-d651-42aa-8df7-4e07c65f7dc9,67398780bcaf1e028b8576a2,3,debate_1_0,candidate,agent-1,3.415e-1 GeV,0,1,78.0
debate-3-answer,debate,1dd895d0-d651-42aa-8df7-4e07c65f7dc9,67398780bcaf1e028b8576a2,4,debate_1_1,candidate,agent-2,3.413e-01 GeV,0,1,88.0
debate-3-answer,debate,1dd895d0-d651-42aa-8df7-4e07c65f7dc9,67398780bcaf1e028b8576a2,5,debate_1_2,candidate,agent-3,3.410e-1 GeV,0,1,72.0
solo,solo,1dfc8fc6-a235-4d47-bd9d-b0825a2f596c,66ee1745f77f20ac4db1fd7b,0,answer,candidate,agent-1,"The smallest angle the pressure gradient can form with the direction perpendicular to the test is **≈ 17.5°**, and the maximum angle achievable (by orienting the textile) is **≈ 72.5°**.",0,1,86.0
sample-3,independent_sample,1e0e0840-0888-43c2-9c50-b9c473ce13b0,672fc00e13e5fbd332372f3f,0,sample_0,candidate,agent-1,The leading-order asymptotic mass ratio is \(\displaystyle \frac{m_{\text{2nd}}}{m_{\text{lightest}}}\to 2\) as \(N\to\infty\) (up to \(O(1/N)\) corrections).,0,1,58.0
sample-3,independent_sample,1e0e0840-0888-43c2-9c50-b9c473ce13b0,672fc00e13e5fbd332372f3f,1,sample_1,candidate,agent-2,"As \(N\to\infty\), the leading-order asymptotic mass ratio of the lightest soliton to the next higher excitation in the \(CP(N\!-\!1)\) spectrum approaches \(\displaystyle \frac{m_1}{m_2} \to \frac{1}{2}\) (equivalently \(m_2 \sim 2m_1\)).",0,1,78.0
sample-3,independent_sample,1e0e0840-0888-43c2-9c50-b9c473ce13b0,672fc00e13e5fbd332372f3f,2,sample_2,candidate,agent-3,"As \(N\to\infty\), the leading-order asymptotic mass ratio between the lightest solitonic excitation and the next higher excitation is \(\displaystyle \frac{M_1}{M_2}\to \frac{1}{2}\) (equivalently \(\displaystyle \frac{M_2}{M_1}\to 2\)).",0,1,58.0
debate-3-answer,debate,22e1f324-a14a-4001-b91f-dd4cef4d69d0,66ec8ab4b489956467209e0c,0,initial_0,candidate,agent-1,\(\boxed{\dfrac{26}{7}\text{ A}}\),0,1,42.0
debate-3-answer,debate,22e1f324-a14a-4001-b91f-dd4cef4d69d0,66ec8ab4b489956467209e0c,1,initial_1,candidate,agent-2,2.8 A,0,1,28.0
debate-3-answer,debate,22e1f324-a14a-4001-b91f-dd4cef4d69d0,66ec8ab4b489956467209e0c,2,initial_2,candidate,agent-3,5.2 A,0,1,42.0
debate-3-answer,debate,22e1f324-a14a-4001-b91f-dd4cef4d69d0,66ec8ab4b489956467209e0c,3,debate_1_0,candidate,agent-1,3.7142857142857144 A,0,1,18.0
debate-3-answer,debate,22e1f324-a14a-4001-b91f-dd4cef4d69d0,66ec8ab4b489956467209e0c,4,debate_1_1,candidate,agent-2,\(\boxed{\dfrac{26}{7}\text{ A}}\),0,1,62.0
debate-3-answer,debate,22e1f324-a14a-4001-b91f-dd4cef4d69d0,66ec8ab4b489956467209e0c,5,debate_1_2,candidate,agent-3,Insufficient information to determine a unique maximum current (the circuit topology/source conditions relating the 26 V (when \(R_2\) fails) to the current when \(R_2\) is intact are not specified).,0,1,75.0
solo,solo,2cc9d875-360f-44ce-b3cf-24bb619cbc40,671d91bcad7fb0793a0e93bd,0,answer,candidate,agent-1,C. Chaps influences the structure of Kag1.,0,1,62.0
debate-3-answer,debate,308f9655-9474-42b4-86f4-dcd691fb2a42,670fb58f2ca6bea76e9354a7,0,initial_0,candidate,agent-1,B,0,1,90.0
debate-3-answer,debate,308f9655-9474-42b4-86f4-dcd691fb2a42,670fb58f2ca6bea76e9354a7,1,initial_1,candidate,agent-2,"H. min 2, max 3",0,1,72.0
debate-3-answer,debate,308f9655-9474-42b4-86f4-dcd691fb2a42,670fb58f2ca6bea76e9354a7,2,initial_2,candidate,agent-3,E,0,1,86.0
debate-3-answer,debate,308f9655-9474-42b4-86f4-dcd691fb2a42,670fb58f2ca6bea76e9354a7,3,debate_1_0,candidate,agent-1,B,0,1,95.0
debate-3-answer,debate,308f9655-9474-42b4-86f4-dcd691fb2a42,670fb58f2ca6bea76e9354a7,4,debate_1_1,candidate,agent-2,H,1,1,88.0
debate-3-answer,debate,308f9655-9474-42b4-86f4-dcd691fb2a42,670fb58f2ca6bea76e9354a7,5,debate_1_2,candidate,agent-3,E,0,1,95.0
solo,solo,37eb2a44-f67a-4f61-8b28-ac8a99bf94ed,673fce92f7f86aa77259187a,0,answer,candidate,agent-1,"Mercury, tin, and carbon are not mentioned in the *Odyssey* (among the elements known to humans in elemental form at the time, excluding zinc and antimony).",0,1,52.0
sample-3,independent_sample,3975ae7b-f78e-41e8-b1af-547cf1ca2c2c,6701c34caf50fa52ed36ff06,0,sample_0,candidate,agent-1,Contradiction,0,1,72.0
sample-3,independent_sample,3975ae7b-f78e-41e8-b1af-547cf1ca2c2c,6701c34caf50fa52ed36ff06,1,sample_1,candidate,agent-2,Negation (the NOT/projection operator),0,1,62.0
sample-3,independent_sample,3975ae7b-f78e-41e8-b1af-547cf1ca2c2c,6701c34caf50fa52ed36ff06,2,sample_2,candidate,agent-3,Negation (contradiction) operator: **Contradiction / Negation = “not”**,0,1,62.0
solo,solo,46dea263-f905-4405-9c0b-86fa993a8d65,66ee1745f77f20ac4db1fd7b,0,answer,candidate,agent-1,"The smallest angle is \(\theta_{\min}=\arctan(\sqrt{0.1})\approx 17.5^\circ\), and that angle can be achieved by orienting the textile by approximately \(\theta \approx 17.5^\circ\) (relative to the test, in the corresponding geometry).",0,1,78.0
solo,solo,47a084ee-11b3-41f3-96da-7625164abb4a,673e37db8d2811de2a83c135,0,answer,candidate,agent-1,"A, B, E",0,1,78.0
debate-3-answer,debate,48019e4c-13e7-494f-a779-f19718f076c1,6725592b4ee96e5b68bb383b,0,initial_0,candidate,agent-1,Hydrogen fluoride,0,1,62.0
debate-3-answer,debate,48019e4c-13e7-494f-a779-f19718f076c1,6725592b4ee96e5b68bb383b,1,initial_1,candidate,agent-2,Hydrofluoric acid,0,1,62.0
debate-3-answer,debate,48019e4c-13e7-494f-a779-f19718f076c1,6725592b4ee96e5b68bb383b,2,initial_2,candidate,agent-3,Nitrogen dioxide (NO₂),0,1,42.0
debate-3-answer,debate,48019e4c-13e7-494f-a779-f19718f076c1,6725592b4ee96e5b68bb383b,3,debate_1_0,candidate,agent-1,Hydrofluoric acid,0,1,70.0
debate-3-answer,debate,48019e4c-13e7-494f-a779-f19718f076c1,6725592b4ee96e5b68bb383b,4,debate_1_1,candidate,agent-2,Hydrofluoric acid,0,1,80.0
debate-3-answer,debate,48019e4c-13e7-494f-a779-f19718f076c1,6725592b4ee96e5b68bb383b,5,debate_1_2,candidate,agent-3,Hydrogen fluoride (HF),0,1,62.0
debate-3-answer,debate,48019e4c-13e7-494f-a779-f19718f076c1,6725592b4ee96e5b68bb383b,6,aggregation,aggregate,,Hydrofluoric acid,0,1,66.67
solo,solo,48e9131c-611d-417a-9b15-40eb9acd8b17,670010ff77983eff561814b2,0,answer,candidate,agent-1,B. RGDSPSS,0,1,62.0
solo,solo,49974fbc-32dc-4b53-b4ee-d8b100dd8a19,66e8d4736299517dd7a5da8c,0,answer,candidate,agent-1,12,0,1,76.0
debate-3-answer,debate,4ba4961d-e74c-4b32-8182-ad223e14362b,67315c7e7fcf9ea998467bd6,0,initial_0,candidate,agent-1,E. 10mg IM olanzapine + 2mg IM lorazepam,0,1,72.0
debate-3-answer,debate,4ba4961d-e74c-4b32-8182-ad223e14362b,67315c7e7fcf9ea998467bd6,1,initial_1,candidate,agent-2,E,0,1,78.0
debate-3-answer,debate,4ba4961d-e74c-4b32-8182-ad223e14362b,67315c7e7fcf9ea998467bd6,2,initial_2,candidate,agent-3,E,0,1,78.0
debate-3-answer,debate,4ba4961d-e74c-4b32-8182-ad223e14362b,67315c7e7fcf9ea998467bd6,3,debate_1_0,candidate,agent-1,E. 10mg IM olanzapine + 2mg IM lorazepam,0,1,78.0
debate-3-answer,debate,4ba4961d-e74c-4b32-8182-ad223e14362b,67315c7e7fcf9ea998467bd6,4,debate_1_1,candidate,agent-2,E,0,1,82.0
debate-3-answer,debate,4ba4961d-e74c-4b32-8182-ad223e14362b,67315c7e7fcf9ea998467bd6,5,debate_1_2,candidate,agent-3,E. 10mg IM olanzapine + 2mg IM lorazepam,0,1,86.0
debate-3-answer,debate,4ba4961d-e74c-4b32-8182-ad223e14362b,67315c7e7fcf9ea998467bd6,6,aggregation,aggregate,,E. 10mg IM olanzapine + 2mg IM lorazepam,0,1,66.67
sample-3,independent_sample,52bc39ff-2e77-43d4-a5c7-d043da21078e,672455ce7a14971607e3d9f0,0,sample_0,candidate,agent-1,C,0,1,78.0
sample-3,independent_sample,52bc39ff-2e77-43d4-a5c7-d043da21078e,672455ce7a14971607e3d9f0,1,sample_1,candidate,agent-2,F,0,1,52.0
sample-3,independent_sample,52bc39ff-2e77-43d4-a5c7-d043da21078e,672455ce7a14971607e3d9f0,2,sample_2,candidate,agent-3,C,0,1,78.0
sample-3,independent_sample,52bc39ff-2e77-43d4-a5c7-d043da21078e,672455ce7a14971607e3d9f0,3,aggregation,aggregate,,C,0,1,66.67
debate-3-answer,debate,55fb5137-75b7-4c8a-a1b2-c3f6b3500dd0,66ee1745f77f20ac4db1fd7b,0,initial_0,candidate,agent-1,Smallest achievable angle: \(\boxed{17.5^\circ}\); maximum angle achievable by orienting the textile: \(\boxed{72.5^\circ}\) (with respect to the direction perpendicular to the test).,0,1,64.0
debate-3-answer,debate,55fb5137-75b7-4c8a-a1b2-c3f6b3500dd0,66ee1745f77f20ac4db1fd7b,1,initial_1,candidate,agent-2,Smallest angle: ~17.5° with the direction perpendicular to the test; achievable by orienting the textile up to ~72.5°.,0,1,62.0
debate-3-answer,debate,55fb5137-75b7-4c8a-a1b2-c3f6b3500dd0,66ee1745f77f20ac4db1fd7b,2,initial_2,candidate,agent-3,Smallest angle: \(\theta_{\min}=\arctan(0.1)\approx 5.7^\circ\). Maximum achievable (by orienting the textile): \(\theta_{\max}\approx 84.3^\circ\) from the same perpendicular reference.,0,1,78.0
debate-3-answer,debate,55fb5137-75b7-4c8a-a1b2-c3f6b3500dd0,66ee1745f77f20ac4db1fd7b,3,debate_1_0,candidate,agent-1,Smallest angle: \(\boxed{17.5^\circ}\) with the direction perpendicular to the test; maximum achievable by orienting the textile: \(\boxed{72.5^\circ}\).,0,1,90.0
debate-3-answer,debate,55fb5137-75b7-4c8a-a1b2-c3f6b3500dd0,66ee1745f77f20ac4db1fd7b,4,debate_1_1,candidate,agent-2,Smallest achievable angle: \(17.5^\circ\); maximum achievable by orienting the textile: \(72.5^\circ\) (measured from the direction perpendicular to the test).,0,1,85.0
debate-3-answer,debate,55fb5137-75b7-4c8a-a1b2-c3f6b3500dd0,66ee1745f77f20ac4db1fd7b,5,debate_1_2,candidate,agent-3,Smallest angle: \(\boxed{\theta_{\min}\approx 39.0^\circ}\) with the direction perpendicular to the test; maximum angle achievable by orienting the textile: \(\boxed{\theta_{\max}\approx 51.0^\circ}\).,0,1,20.0
solo,solo,59bec068-0494-4c19-a59c-6209bde53de3,66f0247d8777dcd82dba8253,0,answer,candidate,agent-1,7[C],0,1,62.0
sample-3,independent_sample,5d74f7ae-733c-49c9-9191-edb4e6cad86d,66ec8ab4b489956467209e0c,0,sample_0,candidate,agent-1,2 A,0,1,72.0
sample-3,independent_sample,5d74f7ae-733c-49c9-9191-edb4e6cad86d,66ec8ab4b489956467209e0c,1,sample_1,candidate,agent-2,2 A,0,1,12.0
sample-3,independent_sample,5d74f7ae-733c-49c9-9191-edb4e6cad86d,66ec8ab4b489956467209e0c,2,sample_2,candidate,agent-3,The maximum possible current through \(R_3\) (with \(R_2\) intact) is \(\boxed{2\text{ A}}\).,0,1,58.0
sample-3,independent_sample,5d74f7ae-733c-49c9-9191-edb4e6cad86d,66ec8ab4b489956467209e0c,3,aggregation,aggregate,,2 A,0,1,66.67
solo,solo,5df9c7c0-09c7-47a2-9afc-43c84780aa07,66e8967ae99ca52dd4b94441,0,answer,candidate,agent-1,Exactly \(C\) prototypes—one per class centroid.,0,1,78.0
solo,solo,66e241d4-3b29-4bb5-b262-6ff2deeb99fe,66e9b92578e89514d9ab6093,0,answer,candidate,agent-1,None — no African nation’s flag has the same (maximal achievable) matrix rank as Denmark’s flag.,0,1,34.0
solo,solo,6701505f-25bc-4198-8b0f-b4b138a6853f,672455ce7a14971607e3d9f0,0,answer,candidate,agent-1,E,1,1,78.0
solo,solo,6775f119-451e-4d3c-98d6-da6f13bcfd65,6728b69ce3c03cd66bc102fe,0,answer,candidate,agent-1,C. 316 Stainless Steel,0,1,72.0
sample-3,independent_sample,69157f51-8643-48fd-9b9d-5bb8cc9bec33,673fce92f7f86aa77259187a,0,sample_0,candidate,agent-1,"Lead (Pb), Mercury (Hg), Tin (Sn), Sulfur (S), and Carbon/charcoal as an elemental substance (C).",0,1,46.0
sample-3,independent_sample,69157f51-8643-48fd-9b9d-5bb8cc9bec33,673fce92f7f86aa77259187a,1,sample_1,candidate,agent-2,"Mercury (Hg), tin (Sn), lead (Pb), and carbon (C) are not mentioned as distinct elemental substances in the *Odyssey* (using the set of elements plausibly known in elemental form to humans at the time of composition, excluding zinc and antimony as requested).",0,1,36.0
sample-3,independent_sample,69157f51-8643-48fd-9b9d-5bb8cc9bec33,673fce92f7f86aa77259187a,2,sample_2,candidate,agent-3,"The *Odyssey* mentions gold, silver, iron, and bronze (copper-based), but among the main elements humans could have known/handled in elemental form at the time (excluding zinc and antimony), the elements **not mentioned** are **mercury, lead, tin, and sulfur**.",0,1,34.0
solo,solo,6de10b01-250e-40b8-bea6-265452319800,66e8967ae99ca52dd4b94441,0,answer,candidate,agent-1,"The minimum number of prototypes required is \(\boxed{C}\) (one prototype per class centroid), to guarantee correct distance-weighted soft-label \(k\)NN classification of all \(C\) class centroids.",0,1,78.0
debate-3-answer,debate,6f780a73-3152-4aaa-9379-daf21f59ba5a,677940d11be12d785a89f486,0,initial_0,candidate,agent-1,1,0,1,38.0
debate-3-answer,debate,6f780a73-3152-4aaa-9379-daf21f59ba5a,677940d11be12d785a89f486,1,initial_1,candidate,agent-2,0,0,1,12.0
debate-3-answer,debate,6f780a73-3152-4aaa-9379-daf21f59ba5a,677940d11be12d785a89f486,2,initial_2,candidate,agent-3,1,0,1,62.0
debate-3-answer,debate,6f780a73-3152-4aaa-9379-daf21f59ba5a,677940d11be12d785a89f486,3,debate_1_0,candidate,agent-1,1,0,1,72.0
debate-3-answer,debate,6f780a73-3152-4aaa-9379-daf21f59ba5a,677940d11be12d785a89f486,4,debate_1_1,candidate,agent-2,1,0,1,35.0
debate-3-answer,debate,6f780a73-3152-4aaa-9379-daf21f59ba5a,677940d11be12d785a89f486,5,debate_1_2,candidate,agent-3,0,0,1,35.0
debate-3-answer,debate,6f780a73-3152-4aaa-9379-daf21f59ba5a,677940d11be12d785a89f486,6,aggregation,aggregate,,1,0,1,66.67
solo,solo,72015d20-7098-4d05-85d0-d16aa8696c91,67315c7e7fcf9ea998467bd6,0,answer,candidate,agent-1,E. 10mg IM olanzapine + 2mg IM lorazepam,0,1,72.0
debate-3-answer,debate,740b3823-2584-4654-baec-5494ffaf869e,671eb856c357c6b4f73592dd,0,initial_0,candidate,agent-1,"For small interfacial slopes (linear \(\xi\)) and axisymmetry, the surface-tension (Laplace) pressure gives the linear curvature term
\[
\Delta p_\gamma \approx \gamma\Big(\xi''(r)+\frac1r\xi'(r)\Big).
\]
The electric field produces a Maxwell normal-stress jump at the interface. For a radial field, and after subtracting the constant reference pressure, its linearized contribution can be written as
\[
\Delta p_{\text{elec}}(r,\xi)\approx K(r)\,\xi(r),
\qquad
K(r)=\frac12(\varepsilon_a-\varepsilon_b)\,\frac{d}{dr}\Big(E^2(r)\Big)
=\frac12(\varepsilon_a-\varepsilon_b)\,\frac{d}{dr}\Big((V'(r))^2\Big).
\]
Balancing \(\Delta p_\gamma+\Delta p_{\text{elec}}=0\) yields the linear governing ODE
\[
\gamma\,\xi''(r)+\frac{\gamma}{r}\,\xi'(r)+K(r)\,\xi(r)=0.
\]
Therefore, in the requested form \(A(r)\xi''+B(r)\xi'+C(r,\xi)=0\),
\[
\boxed{A(r)=\gamma,\qquad B(r)=\frac{\gamma}{r},\qquad C(r,\xi)=K(r)\,\xi(r)}
\]
with
\[
\boxed{K(r)=\frac12(\varepsilon_a-\varepsilon_b)\frac{d}{dr}(E^2(r))
=\frac12(\varepsilon_a-\varepsilon_b)\frac{d}{dr}((V'(r))^2).}
\]",0,1,78.0
debate-3-answer,debate,740b3823-2584-4654-baec-5494ffaf869e,671eb856c357c6b4f73592dd,1,initial_1,candidate,agent-2,"For an axisymmetric small interfacial displacement \(\xi(r)\) with \(|\xi|\ll1\) and \(|\xi'|\ll1\), the linearized capillary (surface–tension) pressure jump is
\[
p_{\text{cap}}\approx \gamma\,\kappa \approx \gamma\left(\xi''(r)+\frac1r\xi'(r)\right).
\]
The electric field provides a normal Maxwell traction that, to linear order about the base state, contributes an \(r\)-dependent pressure and a term linear in \(\xi\):
\[
p_{\text{el}}(r,\xi)\approx p_{\text{el}}^{(0)}(r)-\Pi(r)\,\xi(r),
\]
with
\[
E_r(r)=-\frac{dV}{dr},\qquad p_{\text{el}}^{(0)}(r)\propto \frac12\,\Delta\varepsilon\,E_r^2(r)=\frac12\,\Delta\varepsilon\left(\frac{dV}{dr}\right)^2,
\]
and \(\Pi(r)\) another (model-dependent) electric-field–dependent coefficient typically scaling like \(E_r^2(r)\).

Force balance \(p_{\text{cap}}+p_{\text{el}}=0\) gives
\[
\gamma\left(\xi''+\frac1r\xi'\right)-\Pi(r)\,\xi(r)+p_{\text{el}}^{(0)}(r)=0,
\]
which is of the requested form
\[
A(r)\,\xi''(r)+B(r)\,\xi'(r)+C(r,\xi(r))=0
\]
with
\[
\boxed{A(r)=\gamma,\qquad B(r)=\frac{\gamma}{r},\qquad C(r,\xi)= -\Pi(r)\,\xi(r)+p_{\text{el}}^{(0)}(r).}
\]
Thus, the electric field enters through \(C(r,\xi)\) via \(E_r^2(r)=\left(\frac{dV}{dr}\right)^2\) (or equivalently the radial electric field gradient set by \(V(r)\)), while \(A(r)\) and \(B(r)\) come solely from the linearized capillarity.",0,1,72.0
debate-3-answer,debate,740b3823-2584-4654-baec-5494ffaf869e,671eb856c357c6b4f73592dd,2,initial_2,candidate,agent-3,"Under the small-slope (linear) axisymmetric approximation, the interfacial curvature is
\[
\kappa(\xi)\simeq \xi''(r)+\frac1r\xi'(r),
\]
and balancing capillary pressure with the linearized Maxwell electrostatic normal stress gives
\[
\gamma\left(\xi''(r)+\frac1r\xi'(r)\right)-\frac12(\varepsilon_b-\varepsilon_a)|E(r)|^2\,\xi(r)=0.
\]
Thus the governing linear equation
\[
A(r)\,\xi''(r)+B(r)\,\xi'(r)+C(r,\xi)=0
\]
has
\[
\boxed{A(r)=\gamma,\qquad B(r)=\frac{\gamma}{r},\qquad C(r,\xi)= -\frac12(\varepsilon_b-\varepsilon_a)|E(r)|^2\,\xi.}
\]
The electric field influences the ODE through
\[
|E(r)|^2=\left(\frac{dV}{dr}\right)^2,
\]
so it enters via the \(\xi\)-term coefficient (in \(C\)), while \(A,B\) come purely from the linearized capillarity operator.",0,1,72.0
debate-3-answer,debate,740b3823-2584-4654-baec-5494ffaf869e,671eb856c357c6b4f73592dd,3,debate_1_0,candidate,agent-1,"Using small-slope axisymmetric linearization,
\[
\Delta p_\gamma \approx \gamma\,\Big(\xi''(r)+\frac1r\xi'(r)\Big).
\]
For a radial electric field, the Maxwell normal-stress jump depends on the interface location through \(E^2\). Linearizing about the base state \(r\) gives
\[
\Delta p_{\text{elec}}(r,\xi)\approx \frac12(\varepsilon_a-\varepsilon_b)\Big(E^2(r)+\frac{d(E^2)}{dr}\,\xi(r)\Big).
\]
After absorbing the base (constant) term into the reference pressure (so the remaining linear homogeneous balance is from the \(\xi\)-term), the governing linear homogeneous equation is
\[
\gamma\left(\xi''(r)+\frac1r\xi'(r)\right)+\frac12(\varepsilon_a-\varepsilon_b)\frac{d(E^2)}{dr}\,\xi(r)=0.
\]
Hence, in
\[
A(r)\xi''(r)+B(r)\xi'(r)+C(r,\xi(r))=0,
\]
\[
\boxed{A(r)=\gamma,\qquad B(r)=\frac{\gamma}{r},\qquad C(r,\xi)=\frac12(\varepsilon_a-\varepsilon_b)\frac{d(E^2)}{dr}\,\xi.}
\]
With \(E(r)=-V'(r)\), equivalently,
\[
C(r,\xi)=\frac12(\varepsilon_a-\varepsilon_b)\frac{d}{dr}\Big((V'(r))^2\Big)\,\xi.
\]",0,1,82.0
debate-3-answer,debate,740b3823-2584-4654-baec-5494ffaf869e,671eb856c357c6b4f73592dd,4,debate_1_1,candidate,agent-2,"For small axisymmetric slopes \((|\xi'|\ll1)\), the linearized mean curvature is
\[
\kappa(\xi)\simeq \xi''(r)+\frac1r\xi'(r),
\]
so the capillary pressure jump is
\[
\Delta p_\gamma \simeq \gamma\left(\xi''(r)+\frac1r\xi'(r)\right).
\]
The Maxwell normal traction from the radial electric field linearized about the base state gives a contribution that is (generically) proportional to \(\xi(r)\) with an \(r\)-dependent coefficient that scales like \(E_r^2(r)\), i.e.
\[
\Delta p_{\text{el}}(r,\xi)\simeq \mathcal{K}(r)\,\xi(r),
\qquad 
\mathcal{K}(r)\propto (\varepsilon_a-\varepsilon_b)\,E_r^2(r)
=(\varepsilon_a-\varepsilon_b)\left(\frac{dV}{dr}\right)^2 .
\]
Force balance \(\Delta p_\gamma+\Delta p_{\text{el}}=0\) yields the linear ODE
\[
\gamma\,\xi''(r)+\frac{\gamma}{r}\,\xi'(r)+\mathcal{K}(r)\,\xi(r)=0,
\]
so, in the requested form \(A(r)\xi''+B(r)\xi'+C(r,\xi)=0\),
\[
\boxed{A(r)=\gamma,\qquad B(r)=\frac{\gamma}{r},\qquad C(r,\xi)=\mathcal{K}(r)\,\xi(r),}
\]
with
\[
\boxed{\mathcal{K}(r)\propto (\varepsilon_a-\varepsilon_b)\,E_r^2(r)=(\varepsilon_a-\varepsilon_b)\left(\frac{dV}{dr}\right)^2.}
\]
(Unlike agent-1’s \(d(E^2)/dr\) choice, the derivative form is not implied by the prompt alone; the robust statement is that the linearized electric effect enters through an \(E^2\)-scaled coefficient multiplying \(\xi\).)",0,1,58.0
debate-3-answer,debate,740b3823-2584-4654-baec-5494ffaf869e,671eb856c357c6b4f73592dd,5,debate_1_2,candidate,agent-3,"For axisymmetric small interfacial displacement \(|\xi'|\ll 1\), the linearized Laplace (capillary) pressure jump is
\[
\Delta p_\gamma \simeq \gamma\,\kappa \simeq \gamma\left(\xi''(r)+\frac{1}{r}\xi'(r)\right).
\]
Electrostatics provides an interfacial Maxwell normal-stress jump that, after subtracting the base-state contribution (a known \(r\)-dependent term that does not affect the homogeneous linear operator), yields a leading linear-in-\(\xi\) contribution of the form
\[
\Delta p_{\text{elec}}(r,\xi)\simeq -\,\Pi(r)\,\xi(r),
\qquad 
\Pi(r)\ \propto\ (\varepsilon_a-\varepsilon_b)\,E_r^2(r)=(\varepsilon_a-\varepsilon_b)\left(\frac{dV}{dr}\right)^2,
\]
with the exact prefactor depending on the electrohydraulic/electrostatic model (permittivities, whether the electric problem is solved in each phase, etc.).

Balancing \(\Delta p_\gamma+\Delta p_{\text{elec}}=0\) gives
\[
\gamma\,\xi''(r)+\frac{\gamma}{r}\,\xi'(r)-\Pi(r)\,\xi(r)=0,
\]
so in the requested form \(A(r)\xi''+B(r)\xi'+C(r,\xi)=0\),
\[
\boxed{A(r)=\gamma,\qquad B(r)=\frac{\gamma}{r},\qquad C(r,\xi)=-\Pi(r)\,\xi(r)}
\]
with
\[
\boxed{\Pi(r)=\text{(model-dependent constant)}\times(\varepsilon_a-\varepsilon_b)\left(\frac{dV}{dr}\right)^2.}
\]",0,1,78.0
sample-3,independent_sample,744aeefb-55f5-4c39-9a78-725244c0a0e2,670010ff77983eff561814b2,0,sample_0,candidate,agent-1,B. RGDSPSS,0,1,78.0
sample-3,independent_sample,744aeefb-55f5-4c39-9a78-725244c0a0e2,670010ff77983eff561814b2,1,sample_1,candidate,agent-2,B. RGDSPSS,0,1,78.0
sample-3,independent_sample,744aeefb-55f5-4c39-9a78-725244c0a0e2,670010ff77983eff561814b2,2,sample_2,candidate,agent-3,B. RGDSPSS,0,1,78.0
sample-3,independent_sample,744aeefb-55f5-4c39-9a78-725244c0a0e2,670010ff77983eff561814b2,3,aggregation,aggregate,,B. RGDSPSS,0,1,100.0
sample-3,independent_sample,74e38635-c3a3-4a9a-add7-fe601db8e5e0,67315c7e7fcf9ea998467bd6,0,sample_0,candidate,agent-1,E. 10mg IM olanzapine + 2mg IM lorazepam,0,1,78.0
sample-3,independent_sample,74e38635-c3a3-4a9a-add7-fe601db8e5e0,67315c7e7fcf9ea998467bd6,1,sample_1,candidate,agent-2,E. 10mg IM olanzapine + 2mg IM lorazepam,0,1,78.0
sample-3,independent_sample,74e38635-c3a3-4a9a-add7-fe601db8e5e0,67315c7e7fcf9ea998467bd6,2,sample_2,candidate,agent-3,E. 10mg IM olanzapine + 2mg IM lorazepam,0,1,78.0
sample-3,independent_sample,74e38635-c3a3-4a9a-add7-fe601db8e5e0,67315c7e7fcf9ea998467bd6,3,aggregation,aggregate,,E. 10mg IM olanzapine + 2mg IM lorazepam,0,1,100.0
debate-3-answer,debate,75c81b00-f93b-45d2-8d15-ef73ac74aa5e,67057e2f6ab7d0d880663551,0,initial_0,candidate,agent-1,"Please provide the exact trivia answers for (1)–(5). Once I have them, I’ll take the second letter of each (in order) and reveal the hidden word.",0,1,18.0
debate-3-answer,debate,75c81b00-f93b-45d2-8d15-ef73ac74aa5e,67057e2f6ab7d0d880663551,1,initial_1,candidate,agent-2,"I need the exact intended trivia answers (or the missing details/confirmed substitutions) for (1)–(5) to extract the second letters correctly; as provided, the clues are ambiguous and I can’t determine a single unique hidden word.",0,1,12.0
debate-3-answer,debate,75c81b00-f93b-45d2-8d15-ef73ac74aa5e,67057e2f6ab7d0d880663551,2,initial_2,candidate,agent-3,"Please provide the exact trivia answers for items (1)–(5) (the full intended strings), or the puzzle source/screenshot. Then I can take each answer’s 2nd letter in order and reveal the hidden word.",0,1,25.0
debate-3-answer,debate,75c81b00-f93b-45d2-8d15-ef73ac74aa5e,67057e2f6ab7d0d880663551,3,debate_1_0,candidate,agent-1,"I can’t uniquely reveal the hidden word from the current text because the puzzle depends on exact intended trivia answers (and specific substitutions like “DO THIS,” “HIM,” and the corrected spelling behind “MAGIC HAND”). I need the exact intended answers (or the puzzle source/screenshot) for (1)–(5) to extract the second letter of each in order.",0,1,88.0
debate-3-answer,debate,75c81b00-f93b-45d2-8d15-ef73ac74aa5e,67057e2f6ab7d0d880663551,4,debate_1_1,candidate,agent-2,"Please provide the exact intended trivia answers (the full strings) for (1)–(5), or the original puzzle source/screenshot that contains them. Only then can I take the second letter of each answer in order and reveal the hidden word.",0,1,82.0
debate-3-answer,debate,75c81b00-f93b-45d2-8d15-ef73ac74aa5e,67057e2f6ab7d0d880663551,5,debate_1_2,candidate,agent-3,"I can’t determine a unique hidden word from the clues as written because the puzzle requires taking the second letter of each *specific intended trivia answer*, but the actual answers (and the exact substitutions/letter-replacements mentioned in (1), (4), and (5)) are not provided. To reveal the hidden word reliably, please paste the exact intended trivia answers for (1)–(5) exactly as they appear in the puzzle source (including any substituted/altered wording), or provide the source/screenshot. Once I have those five strings, I’ll take each one’s second letter in order and concatenate them.",0,1,78.0
debate-3-answer,debate,762b57ed-a9bf-4439-b14a-862fa00edda9,671d9e9d29e7fde7166e474d,0,initial_0,candidate,agent-1,"H. Rga1 is a reversible inhibitor, Mg ion is a cofactor, Al1 may function as an allosteric regulator of Zma1 and Al2 may also function as an allosteric regulator of Zma1.",0,1,38.0
debate-3-answer,debate,762b57ed-a9bf-4439-b14a-862fa00edda9,671d9e9d29e7fde7166e474d,1,initial_1,candidate,agent-2,"**H.** Rga1 is a reversible inhibitor, Mg ion is a cofactor, Al1 may function as an allosteric regulator of Zma1 and Al2 may also function as an allosteric regulator of Zma1.",0,1,46.0
debate-3-answer,debate,762b57ed-a9bf-4439-b14a-862fa00edda9,671d9e9d29e7fde7166e474d,2,initial_2,candidate,agent-3,**C. Al1 and Al2 function as allosteric modulators for Zma1. Al1 and Al2 bind to the same site on Zma1. Rga1 is an irreversible inhibitor.**,0,1,62.0
debate-3-answer,debate,762b57ed-a9bf-4439-b14a-862fa00edda9,671d9e9d29e7fde7166e474d,3,debate_1_0,candidate,agent-1,C. Al1 and Al2 function as allosteric modulators for Zma1. Al1 and Al2 bind to the same site on Zma1. Rga1 is an irreversible inhibitor.,0,1,62.0
debate-3-answer,debate,762b57ed-a9bf-4439-b14a-862fa00edda9,671d9e9d29e7fde7166e474d,4,debate_1_1,candidate,agent-2,C. Al1 and Al2 function as allosteric modulators for Zma1. Al1 and Al2 bind to the same site on Zma1. Rga1 is an irreversible inhibitor.,0,1,63.0
debate-3-answer,debate,762b57ed-a9bf-4439-b14a-862fa00edda9,671d9e9d29e7fde7166e474d,5,debate_1_2,candidate,agent-3,C. Al1 and Al2 function as allosteric modulators for Zma1. Al1 and Al2 bind to the same site on Zma1. Rga1 is an irreversible inhibitor.,0,1,74.0
debate-3-answer,debate,762b57ed-a9bf-4439-b14a-862fa00edda9,671d9e9d29e7fde7166e474d,6,aggregation,aggregate,,C. Al1 and Al2 function as allosteric modulators for Zma1. Al1 and Al2 bind to the same site on Zma1. Rga1 is an irreversible inhibitor.,0,1,100.0
sample-3,independent_sample,7643a759-9108-42ae-8f10-e9ce83ba71e4,67398780bcaf1e028b8576a2,0,sample_0,candidate,agent-1,3.414\times10^{-1}\ \text{GeV},0,1,62.0
sample-3,independent_sample,7643a759-9108-42ae-8f10-e9ce83ba71e4,67398780bcaf1e028b8576a2,1,sample_1,candidate,agent-2,3.415×10^-1 GeV,0,1,70.0
sample-3,independent_sample,7643a759-9108-42ae-8f10-e9ce83ba71e4,67398780bcaf1e028b8576a2,2,sample_2,candidate,agent-3,3.415e-01 GeV,0,1,62.0
debate-3-answer,debate,78180b83-0316-4cd9-b5cf-3c5102c6a709,67a69b0bc85a56ef94b67f1e,0,initial_0,candidate,agent-1,"Using the delta-jump condition, each impulse produces a jump in slope \(\Delta y'\sim \epsilon^2\). Since the domain length is \(L=\epsilon^{-1}\), the induced change in \(y\) from one impulse is typically \(\Delta y_i\sim \epsilon^2\,L\sim \epsilon\). With \(N\sim \epsilon^{-1}\) essentially independent random impulses, the variance of the fluctuation scales like
\[
\mathrm{Var}(y)\sim N(\Delta y_i)^2\sim \epsilon^{-1}\cdot \epsilon^2=\epsilon,
\]
so the rms fluctuation between the first two asymptotic terms satisfies
\[
R(\epsilon)=\Big(\max_x \mathrm{Var}[y(x)-y(0)]\Big)^{1/2}\;\propto\;\epsilon^{1/2}.
\]
If the \(z_i\) are changed to i.i.d. (e.g. \(z_i\sim \mathcal N(i,0.5)\)), the \(\sqrt{\epsilon}\) scaling is expected to remain the same as long as the effective number of impulses contributing inside \((0,\epsilon^{-1})\) still scales like \(N\sim \epsilon^{-1}\). The prefactor may change, but generically the \(\epsilon^{1/2}\) scaling should persist.",0,1,68.0
debate-3-answer,debate,78180b83-0316-4cd9-b5cf-3c5102c6a709,67a69b0bc85a56ef94b67f1e,1,initial_1,candidate,agent-2,"For the uniform \(z_i\in[0,\epsilon^{-1}]\), each delta produces a jump \(\Delta y'=\epsilon^2\). The random part of \(y(x)-y(0)\) is essentially \(\epsilon^2\int_0^x S(t)\,dt\), where \(S(t)\) is the number of points with \(z_i<t\). Since \(N\sim \epsilon^{-1}\), \(S(t)\) has fluctuations of order \(\sqrt{N}\sim \epsilon^{-1/2}\), and integrating over a length \(x\sim \epsilon^{-1}\) leads to standard deviations of \(\int_0^x S(t)\,dt\) scaling like \(\epsilon^{-1}\). Therefore
\[
R(\epsilon)=\Big(\max_x \mathrm{Var}[y(x)-y(0)]\Big)^{1/2}\sim \epsilon
\]
(up to an \(O(1)\) constant).

If \(z_i\) are replaced by i.i.d. \(\mathcal N(i,0.5)\), the impulse count and impulse strengths are unchanged (\(N\sim \epsilon^{-1}\), each jump still \(\epsilon^2\)), and the effective randomness remains of “sum of \(\sim N\) terms” type (variance grows like \(N\), not like a different power of \(N\)). Hence you should still expect the same \(\epsilon\)-exponent:
\[
R(\epsilon)\sim \epsilon
\]
though the prefactor may differ.",0,1,78.0
debate-3-answer,debate,78180b83-0316-4cd9-b5cf-3c5102c6a709,67a69b0bc85a56ef94b67f1e,2,initial_2,candidate,agent-3,"Using the impulse condition from integrating across each \(\delta\)-spike,
\[
y'(z_i^+)-y'(z_i^-)=\epsilon^2,
\]
each random spike contributes a random \(O(\epsilon^2)\) amount to \(y(x)-y(0)\) (the homogeneous weights are \(O(1)\) over \(x\in[0,\epsilon^{-1}]\) since \(\epsilon x\in[0,1]\)). There are \(N=\epsilon^{-1}-1\sim \epsilon^{-1}\) independent spikes, so the variance at the worst \(x\) scales like
\[
\operatorname{Var}\big(y(x)-y(0)\big)\sim N(\epsilon^2)^2\sim \epsilon^{-1}\epsilon^4=\epsilon^3,
\]
hence
\[
R(\epsilon)=\left(\max_x \operatorname{Var}[y(x)-y(0)]\right)^{1/2}\sim \epsilon^{3/2}.
\]

If the \(z_i\) are changed from ordered uniform order statistics to i.i.d. draws (including your example \(z_i\sim \mathcal N(i,0.5)\)), the main scaling—“\(N\sim \epsilon^{-1}\) independent impulses” each of jump size \(\epsilon^2\)—remains, so you should still expect the same power-law scaling \(R(\epsilon)\propto \epsilon^{3/2}\), though the prefactor can change.",0,1,62.0
debate-3-answer,debate,78180b83-0316-4cd9-b5cf-3c5102c6a709,67a69b0bc85a56ef94b67f1e,3,debate_1_0,candidate,agent-1,"\nEach spike produces a jump \(\Delta y'(z_i)=\epsilon^2\). For \(x\) of order the domain length \(L=\epsilon^{-1}\), the spike at \(z_i<x\) contributes to \(y(x)-y(0)\) an amount of order \(\epsilon^2(x-z_i)\sim \epsilon^2\cdot \epsilon^{-1}=\epsilon\) (up to \(O(1)\) factors). With \(N\sim \epsilon^{-1}\) randomly located spikes, the variance adds like \(N(\epsilon)^2\), giving \(\mathrm{Var}(y(x)-y(0))\sim \epsilon\) at the worst \(x\). Hence\n\[
R(\epsilon)=\Big(\max_x \mathrm{Var}[y(x)-y(0)]\Big)^{1/2}\sim \epsilon^{1/2}.
\]\nThe other agents’ \(\epsilon\) and \(\epsilon^{3/2}\) scalings are incorrect because they undercount the effective propagation length \((x-z_i)\) from the slope jump to the displacement \(y\).\n\nIf \(z_i\) are replaced by i.i.d. draws (e.g. \(z_i\sim\mathcal N(i,0.5)\)), the same \(\epsilon^{1/2}\) exponent should persist provided the effective number of spikes contributing inside \((0,\epsilon^{-1})\) still scales like \(N\sim \epsilon^{-1}\). \n",0,1,82.0
debate-3-answer,debate,78180b83-0316-4cd9-b5cf-3c5102c6a709,67a69b0bc85a56ef94b67f1e,4,debate_1_1,candidate,agent-2,"\[
R(\epsilon)=\left(\max_{0<x<\epsilon^{-1}}\mathrm{Var}[y(x)-y(0)]\right)^{1/2}\sim \epsilon .
\]
The slope jump at each impulse is \(\Delta y'=\epsilon^2\), so the random part is \(\epsilon^2\int_0^x S(t)\,dt\) with \(S(t)=\#\{z_i<t\}\). With \(N\sim \epsilon^{-1}\), \(\mathrm{Std}(S(t))\sim \epsilon^{-1/2}\) and accumulating over a length \(\sim \epsilon^{-1}\) gives \(\mathrm{Std}(\int_0^x S)\sim \epsilon^{-1}\), hence \(\mathrm{Std}(y)\sim \epsilon\). This contradicts agent-1’s \( \epsilon^{1/2}\) and agent-3’s \( \epsilon^{3/2}\). For i.i.d. \(z_i\) (e.g. Gaussian), as long as the effective number of impulses up to \(x\sim \epsilon^{-1}\) still scales like \(N\sim \epsilon^{-1}\), the same accumulation/CLT scaling applies, so the \(\epsilon\)-exponent should remain the same (only the prefactor changes).",0,1,86.0
debate-3-answer,debate,78180b83-0316-4cd9-b5cf-3c5102c6a709,67a69b0bc85a56ef94b67f1e,5,debate_1_2,candidate,agent-3,"The correct fluctuation scaling comes from the jump in slope \(y'\): each spike gives \(y'(z_i^+)-y'(z_i^-)=\epsilon^2\), hence
\[
y(x)-y(0)=w(0)x+\epsilon^2\int_0^x S(t)\,dt,\qquad S(t)=\#\{z_i<t\}.
\]
Using \(\int_0^x S(t)\,dt=\sum_{i=1}^N (x-z_i)_+\) and independence,
\[
\operatorname{Var}\!\left(\int_0^x S(t)\,dt\right)\sim N\,L^2,\quad L=\epsilon^{-1},\; N\sim \epsilon^{-1}\;\Rightarrow\; \sim \epsilon^{-3}.
\]
Therefore
\[
\operatorname{Var}(y(x)-y(0))\sim \epsilon^4\cdot \epsilon^{-3}=\epsilon
\quad\Rightarrow\quad
R(\epsilon)=\Big(\max_x \operatorname{Var}[y(x)-y(0)]\Big)^{1/2}\sim \epsilon^{1/2}.
\]
So agent-1’s exponent \(1/2\) is correct; agent-2’s \(\epsilon\) scaling is not.  
If \(z_i\) are changed to i.i.d. (e.g. \(z_i\sim \mathcal N(i,0.5)\)), the same sum-of-independent-contributions variance scaling applies (typically changing only the prefactor), so you should still expect \(R(\epsilon)\propto \epsilon^{1/2}\) unless the distribution causes the effective contributing number of spikes to scale differently with \(\epsilon\).",0,1,86.0
debate-3-answer,debate,7973c231-182b-4b35-a75f-ec8ff7bfa582,673fce92f7f86aa77259187a,0,initial_0,candidate,agent-1,"Tin, mercury, and sulfur.",0,1,58.0
debate-3-answer,debate,7973c231-182b-4b35-a75f-ec8ff7bfa582,673fce92f7f86aa77259187a,1,initial_1,candidate,agent-2,"Among the elements known to humans in elemental form at the time, the *Odyssey* does **not** mention **tin (Sn)** or **lead (Pb)**.",0,1,58.0
debate-3-answer,debate,7973c231-182b-4b35-a75f-ec8ff7bfa582,673fce92f7f86aa77259187a,2,initial_2,candidate,agent-3,"**Tin, Mercury, Sulfur, and Carbon**",0,1,62.0
debate-3-answer,debate,7973c231-182b-4b35-a75f-ec8ff7bfa582,673fce92f7f86aa77259187a,3,debate_1_0,candidate,agent-1,"Tin, mercury, and sulfur.",0,1,60.0
debate-3-answer,debate,7973c231-182b-4b35-a75f-ec8ff7bfa582,673fce92f7f86aa77259187a,4,debate_1_1,candidate,agent-2,"Tin, mercury, and sulfur.",0,1,62.0
debate-3-answer,debate,7973c231-182b-4b35-a75f-ec8ff7bfa582,673fce92f7f86aa77259187a,5,debate_1_2,candidate,agent-3,"Tin, mercury, sulfur, and lead",0,1,58.0
debate-3-answer,debate,7973c231-182b-4b35-a75f-ec8ff7bfa582,673fce92f7f86aa77259187a,6,aggregation,aggregate,,"Tin, mercury, and sulfur.",0,1,66.67
solo,solo,7b186280-916c-4135-b53f-5ec98b387781,67a69b0bc85a56ef94b67f1e,0,answer,candidate,agent-1,"\(R(\epsilon)\) is controlled by the variance of a sum of \(N\sim \epsilon^{-1}\) impulse contributions. Each delta has strength \(\epsilon^2\); integrating twice through \((\partial_x-\epsilon)\) gives a typical jump contribution to \(y\) of size \(\sim \epsilon\) (since \(\epsilon^2/\epsilon=\epsilon\) and the remaining exponential factor stays \(O(1)\) for \(x\in[0,\epsilon^{-1}]\)). Thus
\[
\mathrm{Var}[y(x)-y(0)]\sim N(\epsilon)^2\sim \epsilon^{-1}\epsilon^2=\epsilon,
\]
so taking the square root and noting that \(\max_x\) only changes an \(O(1)\) prefactor,
\[
\boxed{R(\epsilon)\ \propto\ \epsilon^{1/2}.}
\]
If \(z_i\) are i.i.d. \( \mathcal N(i,0.5)\), the leading scaling should remain the same provided that an \(O(1)\) fraction of impulses lie in (or effectively contribute over) the interval \(0<x<\epsilon^{-1}\). Then the effective number of contributing terms still scales like \(N\sim \epsilon^{-1}\), giving the same \(R(\epsilon)\sim \epsilon^{1/2}\) scaling (with a different prefactor). If instead the probability mass in the interval changed with \(\epsilon\), the exponent could change, but for the stated form it’s expected to be unchanged.",0,1,74.0
debate-3-answer,debate,7c8c154d-d00e-49d7-a8cc-0a1de733acb6,66e8d4736299517dd7a5da8c,0,initial_0,candidate,agent-1,8,0,1,78.0
debate-3-answer,debate,7c8c154d-d00e-49d7-a8cc-0a1de733acb6,66e8d4736299517dd7a5da8c,1,initial_1,candidate,agent-2,12,0,1,72.0
debate-3-answer,debate,7c8c154d-d00e-49d7-a8cc-0a1de733acb6,66e8d4736299517dd7a5da8c,2,initial_2,candidate,agent-3,8,0,1,62.0
debate-3-answer,debate,7c8c154d-d00e-49d7-a8cc-0a1de733acb6,66e8d4736299517dd7a5da8c,3,debate_1_0,candidate,agent-1,8,0,1,88.0
debate-3-answer,debate,7c8c154d-d00e-49d7-a8cc-0a1de733acb6,66e8d4736299517dd7a5da8c,4,debate_1_1,candidate,agent-2,8,0,1,78.0
debate-3-answer,debate,7c8c154d-d00e-49d7-a8cc-0a1de733acb6,66e8d4736299517dd7a5da8c,5,debate_1_2,candidate,agent-3,8,0,1,78.0
debate-3-answer,debate,7c8c154d-d00e-49d7-a8cc-0a1de733acb6,66e8d4736299517dd7a5da8c,6,aggregation,aggregate,,8,0,1,100.0
debate-3-answer,debate,7dd3e249-1bcc-4a06-9dd4-c38a2eb999f6,673e37db8d2811de2a83c135,0,initial_0,candidate,agent-1,"Correct selections: A, B, C, E",0,1,43.0
debate-3-answer,debate,7dd3e249-1bcc-4a06-9dd4-c38a2eb999f6,673e37db8d2811de2a83c135,1,initial_1,candidate,agent-2,"Correct combinations: **A, B, E**.",0,1,68.0
debate-3-answer,debate,7dd3e249-1bcc-4a06-9dd4-c38a2eb999f6,673e37db8d2811de2a83c135,2,initial_2,candidate,agent-3,"**A, B, C, E, G**",0,1,62.0
debate-3-answer,debate,7dd3e249-1bcc-4a06-9dd4-c38a2eb999f6,673e37db8d2811de2a83c135,3,debate_1_0,candidate,agent-1,"A, B, C, E",0,1,62.0
debate-3-answer,debate,7dd3e249-1bcc-4a06-9dd4-c38a2eb999f6,673e37db8d2811de2a83c135,4,debate_1_1,candidate,agent-2,"A, B, C, E",0,1,74.0
debate-3-answer,debate,7dd3e249-1bcc-4a06-9dd4-c38a2eb999f6,673e37db8d2811de2a83c135,5,debate_1_2,candidate,agent-3,"A, B, C, E",0,1,70.0
debate-3-answer,debate,7dd3e249-1bcc-4a06-9dd4-c38a2eb999f6,673e37db8d2811de2a83c135,6,aggregation,aggregate,,"A, B, C, E",0,1,100.0
solo,solo,7de596a7-5e7b-42a1-95f8-c467ea84ee46,672d5a80f1800d2d85750a71,0,answer,candidate,agent-1,**бѫдѣте**,0,1,35.0
solo,solo,8102e71a-ceba-41e9-a812-dd0a32abd8d0,6739e06f5a81384176dd28cd,0,answer,candidate,agent-1,"C. If \(M\) is the cylinder \(\mathbb{R} \times \mathbb{S}^1\), then \(d\eta = 0\)",0,1,55.0
debate-3-answer,debate,82190925-7f50-4fb3-8b80-34d301b00d61,66f0247d8777dcd82dba8253,0,initial_0,candidate,agent-1,"z[C]: 4[""%s"",]",0,1,82.0
debate-3-answer,debate,82190925-7f50-4fb3-8b80-34d301b00d61,66f0247d8777dcd82dba8253,1,initial_1,candidate,agent-2,"5[""%s"",]",0,1,74.0
debate-3-answer,debate,82190925-7f50-4fb3-8b80-34d301b00d61,66f0247d8777dcd82dba8253,2,initial_2,candidate,agent-3,z[33],0,1,22.0
debate-3-answer,debate,82190925-7f50-4fb3-8b80-34d301b00d61,66f0247d8777dcd82dba8253,3,debate_1_0,candidate,agent-1,"z[4][""%s"",]",0,1,92.0
debate-3-answer,debate,82190925-7f50-4fb3-8b80-34d301b00d61,66f0247d8777dcd82dba8253,4,debate_1_1,candidate,agent-2,"5[""%s"",]",0,1,86.0
debate-3-answer,debate,82190925-7f50-4fb3-8b80-34d301b00d61,66f0247d8777dcd82dba8253,5,debate_1_2,candidate,agent-3,z[7],0,1,35.0
sample-3,independent_sample,8607aefd-c062-442b-ad62-8e4a64430df6,67a69b0bc85a56ef94b67f1e,0,sample_0,candidate,agent-1,"Because each delta impulse causes a jump \([y']_{z_i^-}^{z_i^+}=\epsilon^2\), its contribution to \(y(x)-y(0)\) is of typical size
\[
\Delta y_i(x)\sim \epsilon^2\int_{z_i}^{x} e^{\epsilon(t-z_i)}dt \sim \epsilon\cdot O(1)=O(\epsilon)
\]
for those impulses with \(z_i\le x\). With \(N\sim \epsilon^{-1}\), the number of “active” impulses at the \(x\) where fluctuations are largest is typically \(\#\text{active}\sim 1/\epsilon\), so (under independence/weak correlation) the variance scales like
\[
\mathrm{Var}[y(x)-y(0)] \sim (\#\text{active})\times (\text{size per term})^2
\sim \left(\frac{1}{\epsilon}\right)\times (\epsilon^2)=\epsilon.
\]
Therefore
\[
\boxed{R(\epsilon)=\Big(\max_x \mathrm{Var}[y(x)-y(0)]\Big)^{1/2}\ \sim\ C\,\epsilon^{1/2}}
\]
for some \(\epsilon\)-independent constant \(C\).

If \(z_i\) are i.i.d. (or effectively spread) normal samples, you should generally still get the same \(\epsilon^{1/2}\) scaling—only the prefactor changes—provided the impulses remain distributed over an \(O(\epsilon^{-1})\) length scale so that the number of impulses contributing at the maximizing \(x\) remains \(\propto 1/\epsilon\). If the normal choice caused strong clustering on a shorter scale (changing the active-count scaling), then the exponent could change, but under the stated i.i.d./shifted-normal setup the exponent is expected to remain \(1/2\).",0,1,62.0
sample-3,independent_sample,8607aefd-c062-442b-ad62-8e4a64430df6,67a69b0bc85a56ef94b67f1e,1,sample_1,candidate,agent-2,"Using jump/Green’s-function scaling: each delta impulse produces a jump in \(y' \) of size \(\epsilon^2\), so its typical contribution to \(y\) over the \(O(1/\epsilon)\) domain is of order \(\epsilon^2\times(1/\epsilon)\sim \epsilon\). With \(N\sim \epsilon^{-1}\) independent (random-location) impulses, variances add, giving \(\mathrm{Var}(y-y_0)\sim N(\epsilon)^2\sim \epsilon\). Hence the fluctuation measure
\[
R(\epsilon)=\Big(\max_x \mathrm{Var}[y(x)-y(0)]\Big)^{1/2}
\]
scales like \(\boxed{R(\epsilon)\sim \epsilon^{1/2}}\) (up to constants, typically with the maximum attained near the right boundary where most impulses contribute). If the \(z_i\) are replaced by i.i.d. normals but still place an \(O(\epsilon^{-1})\) number of impulses effectively inside \((0,\epsilon^{-1})\), the same \(\sqrt{N}\) variance-accumulation argument applies, so the exponent is expected to remain \(\boxed{1/2}\) (again, prefactors may change). If, however, a substantial fraction of impulses fall outside the domain as \(\epsilon\to0\), then the effective count \(N_{\text{eff}}\) changes and the scaling exponent may deviate.",0,1,72.0
sample-3,independent_sample,8607aefd-c062-442b-ad62-8e4a64430df6,67a69b0bc85a56ef94b67f1e,2,sample_2,candidate,agent-3,"Solving between impulses gives a jump condition \(y'(z_i^+)-y'(z_i^-)=\epsilon^2\), so the random fluctuation of \(y(x)-y(0)\) comes from a cumulative “count process” \(S(x)\) of how many impulses lie left of \(x\). With \(N\sim \epsilon^{-1}\) uniform points, \(\mathrm{Var}(S(x))\sim N F(x)(1-F(x))\sim O(\epsilon^{-1})\) and each impulse contributes size \(\epsilon^2\) to \(y'\), giving a standard deviation in \(y(x)-y(0)\) of order
\[
\sqrt{\mathrm{Var}(y(x)-y(0))}\sim \epsilon^2\, x^{3/2}.
\]
Maximizing over \(x\in(0,\epsilon^{-1})\) yields \(x\sim \epsilon^{-1}\), hence
\[
R(\epsilon)=\Bigl(\max_x \mathrm{Var}(y(x)-y(0))\Bigr)^{1/2}\sim \epsilon^{1/2}.
\]
For i.i.d./non-uniform \(z_i\) (e.g. Normal(i,0.5)), the dominant \(\epsilon\)-scaling is still controlled by having \(N\sim \epsilon^{-1}\) independent impulses and a per-impulse strength \(\epsilon^2\); this changes constants via the density/probability of points in the relevant region, but not the \(\epsilon^{1/2}\) power—unless the points cease to populate the domain with non-negligible probability.",0,1,78.0
solo,solo,875dafc0-a6c4-4ce8-a8c0-fe36990e8890,67260a2a8f9ce8a272ed4e9a,0,answer,candidate,agent-1,24:1000000002000000000,0,1,98.0
debate-3-answer,debate,87b3c415-be0e-41ac-aa33-c5c6d97c5dd1,6731fa3bb08cf72258a21348,0,initial_0,candidate,agent-1,C,0,1,78.0
debate-3-answer,debate,87b3c415-be0e-41ac-aa33-c5c6d97c5dd1,6731fa3bb08cf72258a21348,1,initial_1,candidate,agent-2,C,0,1,74.0
debate-3-answer,debate,87b3c415-be0e-41ac-aa33-c5c6d97c5dd1,6731fa3bb08cf72258a21348,2,initial_2,candidate,agent-3,C,0,1,86.0
debate-3-answer,debate,87b3c415-be0e-41ac-aa33-c5c6d97c5dd1,6731fa3bb08cf72258a21348,3,debate_1_0,candidate,agent-1,C,0,1,85.0
debate-3-answer,debate,87b3c415-be0e-41ac-aa33-c5c6d97c5dd1,6731fa3bb08cf72258a21348,4,debate_1_1,candidate,agent-2,C,0,1,82.0
debate-3-answer,debate,87b3c415-be0e-41ac-aa33-c5c6d97c5dd1,6731fa3bb08cf72258a21348,5,debate_1_2,candidate,agent-3,C,0,1,92.0
debate-3-answer,debate,87b3c415-be0e-41ac-aa33-c5c6d97c5dd1,6731fa3bb08cf72258a21348,6,aggregation,aggregate,,C,0,1,100.0
solo,solo,8833c939-be48-45c7-97b8-6544ad414012,66e9b92578e89514d9ab6093,0,answer,candidate,agent-1,"All African countries’ flags (i.e., every African nation flag represented on the same fixed grid resolution as Denmark) can be chosen to have the same maximal linear-algebraic rank as Denmark’s flag.",0,1,62.0
sample-3,independent_sample,887354de-6791-4ee6-bb00-f111bdf500fb,670fb58f2ca6bea76e9354a7,0,sample_0,candidate,agent-1,"H. min 2, max 3",0,1,86.0
sample-3,independent_sample,887354de-6791-4ee6-bb00-f111bdf500fb,670fb58f2ca6bea76e9354a7,1,sample_1,candidate,agent-2,"H. min 2, max 3",0,1,86.0
sample-3,independent_sample,887354de-6791-4ee6-bb00-f111bdf500fb,670fb58f2ca6bea76e9354a7,2,sample_2,candidate,agent-3,"H. min 2, max 3",0,1,58.0
sample-3,independent_sample,887354de-6791-4ee6-bb00-f111bdf500fb,670fb58f2ca6bea76e9354a7,3,aggregation,aggregate,,"H. min 2, max 3",0,1,100.0
sample-3,independent_sample,8a2250d8-7501-49cc-9833-dd75fa1a5173,6728b69ce3c03cd66bc102fe,0,sample_0,candidate,agent-1,A. Titanium,0,1,62.0
sample-3,independent_sample,8a2250d8-7501-49cc-9833-dd75fa1a5173,6728b69ce3c03cd66bc102fe,1,sample_1,candidate,agent-2,C. 316 Stainless Steel,0,1,68.0
sample-3,independent_sample,8a2250d8-7501-49cc-9833-dd75fa1a5173,6728b69ce3c03cd66bc102fe,2,sample_2,candidate,agent-3,A. Titanium,0,1,62.0
sample-3,independent_sample,8a2250d8-7501-49cc-9833-dd75fa1a5173,6728b69ce3c03cd66bc102fe,3,aggregation,aggregate,,A. Titanium,0,1,66.67
sample-3,independent_sample,8d8b7f2d-7199-4cda-bef7-376597b95c46,66e8967ae99ca52dd4b94441,0,sample_0,candidate,agent-1,"Minimum number of prototypes required to guarantee correct distance-weighted soft-label kNN classification of all class centroids is \(\boxed{C}\) (one prototype per class centroid, ideally located at each centroid with the corresponding class’ soft label).",0,1,78.0
sample-3,independent_sample,8d8b7f2d-7199-4cda-bef7-376597b95c46,66e8967ae99ca52dd4b94441,1,sample_1,candidate,agent-2,\(\boxed{\text{Minimum prototypes} = C}\),0,1,72.0
sample-3,independent_sample,8d8b7f2d-7199-4cda-bef7-376597b95c46,66e8967ae99ca52dd4b94441,2,sample_2,candidate,agent-3,**C prototypes** (one per class centroid).,0,1,78.0
solo,solo,8db1f9d2-1b35-4f99-9144-f9ec8a350d81,671f6889490be3e9a159f485,0,answer,candidate,agent-1,"For the linear single-track (bicycle) model linearized about straight-line motion at constant speed \(v\), the lateral-yaw subsystem in states \(\beta\) (sideslip) and \(r\) (yaw rate) becomes unstable at the neutral-stability (eigenvalue crossing) speed
\[
v_{\text{crit}}
=
\sqrt{
\frac{I\,(c_f+c_r)}{m\,(a c_f-b c_r)}
}.
\]
A finite real \(v_{\text{crit}}\) requires \(a c_f-b c_r>0\) (the “oversteering” condition in this linear model).",0,1,92.0
solo,solo,8ec59145-a70b-4693-8f04-453f53b521af,671eb856c357c6b4f73592dd,0,answer,candidate,agent-1,"### Governing equation (linearized) for the interface displacement \(\xi(r)\)

Let the interface be displaced by a small amount \(\xi(r)\) around the unperturbed cylindrical electrode geometry (radius \(R\)). In the quasi-static regime the electric field generates an electrostatic (Maxwell) normal traction on the interface that is balanced by capillary (surface-tension) pressure. With negligible gravity and small slopes, the normal-traction/surface-tension balance can be written schematically as
\[
p_{\text{el}}(r,\xi) - \gamma\,\kappa(r,\xi)=0.
\]

#### 1) Linearize surface curvature for small slopes
For an axisymmetric interface described (locally) by a height function \(\xi(r)\) with \(|\xi'|\ll 1\), the mean curvature reduces to the axisymmetric Laplace-capillarity operator. A standard small-slope linearization gives
\[
\kappa \;\approx\; \frac{1}{r}\frac{d}{dr}\!\left(r\frac{d\xi}{dr}\right)
\;=\; \xi''(r)+\frac{1}{r}\xi'(r),
\]
so the capillary pressure is
\[
p_\gamma \approx -\gamma\left(\xi''+\frac{1}{r}\xi'\right).
\]

#### 2) Electric (Maxwell) traction linearized in \(\xi\)
Let the radial electric field produced by the electrode be \(E_r(r)\). For a dielectric-fluid interface in a local-field (electrostatic) approximation, the jump in Maxwell pressure across the interface can be expressed as
\[
p_{\text{el}} \;=\; \frac12\,\Delta\!\left(\varepsilon\right)\,E^2
\quad\text{(with an effective coefficient depending on the permittivities of the two fluids)},
\]
where \(\Delta(\varepsilon)\) denotes the appropriate permittivity combination for the chosen interface model. Define the effective electrocapillary coupling constant
\[
\beta \;\equiv\; \frac12 \Delta(\varepsilon)
\quad (\text{a material constant}).
\]

If the interface is displaced by \(\xi(r)\), it perturbs the local normal distance to the electrode, hence perturbs \(E_r\). For small \(\xi\), the dominant effect is linear through the first-order Taylor expansion:
\[
p_{\text{el}}(r,\xi)\approx p_{\text{el}}(r,0)\;+\;\left.\frac{\partial p_{\text{el}}}{\partial \xi}\right|_{\xi=0}\xi(r).
\]
A common linear form used in electrohydrodynamic interface problems is therefore
\[
p_{\text{el}}(r,\xi)\approx \beta\,E_r^2(r)\;+\;\beta\left(\frac{d}{dr}E_r^2(r)\right)\,\xi(r)\cdot(\text{geometry factor}),
\]
which can be absorbed into a linear “forcing + stiffness” term. Write the net electric contribution in the linearized balance as
\[
p_{\text{el}}(r,\xi)\approx f(r)\;+\;g(r)\,\xi(r),
\]
where
\[
f(r)\propto \beta\,E_r^2(r),\qquad
g(r)\propto \beta\,\frac{d}{dr}\left(E_r^2(r)\right)
\]
(the exact proportionality depends on the precise mapping between vertical displacement \(\xi\) and the change in electrode-normal distance in your geometry).

---

## Result: linear ODE in the requested form

Balancing electrostatic traction and capillarity:
\[
p_{\text{el}}(r,\xi) - \gamma\left(\xi''+\frac{1}{r}\xi'\right)=0
\]
gives
\[
-\gamma\left(\xi''+\frac{1}{r}\xi'\right)+f(r)+g(r)\,\xi(r)=0,
\]
or equivalently
\[
\gamma\,\xi''(r)+\gamma\frac{1}{r}\xi'(r)-g(r)\,\xi(r)-f(r)=0.
\]

Matching the template
\[
A(r)\,\xi''(r)+B(r)\,\xi'(r)+C(r,\xi(r))=0,
\]
we identify:
\[
\boxed{A(r)=\gamma}
\]
\[
\boxed{B(r)=\frac{\gamma}{r}}
\]
and
\[
\boxed{C(r,\xi)= -\,g(r)\,\xi(r)\;-\;f(r).}
\]

### Electric-field influence (\(f(r),g(r)\))
Let the electrode impose a radial field \(E_r(r)\). Then, in linear form,
\[
\boxed{f(r)\;=\;\beta\,E_r^2(r)}
\]
\[
\boxed{g(r)\;=\;\beta\,\frac{d}{dr}\!\left(E_r^2(r)\right)\;\;(\text{up to a geometry factor from how }\xi\text{ changes the local }E_r)}.
\]
If the geometry is such that the interface displacement effectively changes the radial coordinate \(r\to r-\xi\) (small-normal displacement), then the Taylor expansion yields precisely
\[
p_{\text{el}}(r,\xi)\approx \beta E_r^2(r)-\beta \xi(r)\frac{d}{dr}E_r^2(r),
\]
so in that common case one can take
\[
g(r)= -\beta \frac{d}{dr}E_r^2(r),\qquad f(r)=\beta E_r^2(r).
\]

---

## Boundary conditions (given)
\[
\xi(R)=h,\qquad \left.\frac{d\xi}{dr}\right|_{r=R}=-\cot\theta.
\]

---",0,1,58.0
sample-3,independent_sample,91a57a26-d832-489e-bf26-30cc4d9755a0,671f6889490be3e9a159f485,0,sample_0,candidate,agent-1,"Using the linear bicycle model (small slip angles) with zero steering input, the lateral-yaw state \(x=[v_y,\; r]^T\) has dynamics \(\dot x=A(v)x\) where
\[
A(v)=
\begin{bmatrix}
-\frac{c_f+c_r}{m v} & -v - \frac{a c_f - b c_r}{m v}\\[6pt]
\frac{a c_f - b c_r}{I v} & -\frac{a^2 c_f + b^2 c_r}{I v}
\end{bmatrix}.
\]
The stability boundary occurs when eigenvalues cross the imaginary axis; for a 2×2 system that is equivalent to \(\det(A)=0\). Setting \(\det(A)=0\) gives the critical speed
\[
\boxed{
v_{\text{crit}}
=
\sqrt{
-\frac{(c_f+c_r)(a^2 c_f + b^2 c_r) + (a c_f - b c_r)^2}
{m\,(a c_f - b c_r)}
}
\]
which is physically relevant for the oversteering case \(a c_f - b c_r<0\).",0,1,78.0
sample-3,independent_sample,91a57a26-d832-489e-bf26-30cc4d9755a0,671f6889490be3e9a159f485,1,sample_1,candidate,agent-2,"Using the linear bicycle model at constant speed \(v\) with state \([v_y,\;r]^\top\) (and setting steering input \(\delta=0\) for stability), the homogeneous dynamics are \(\dot{\mathbf{x}}=A(v)\mathbf{x}\) with
\[
A(v)=
\begin{bmatrix}
-\dfrac{c_f+c_r}{m v} & -v+\dfrac{a c_f-b c_r}{m v}\\[6pt]
\dfrac{a c_f-b c_r}{I v} & -\dfrac{a^2c_f+b^2c_r}{I v}
\end{bmatrix}.
\]
A linear lateral instability (eigenvalue crossing) occurs when \(\det(A)=0\). Solving \(\det(A)=0\) for the positive solution gives the critical speed
\[
\boxed{
v_{\text{crit}}=
\frac{- (c_f+c_r)(a^2c_f+b^2c_r)\;+\;
\sqrt{\big((c_f+c_r)(a^2c_f+b^2c_r)\big)^2 + 4m\, (a c_f-b c_r)^3}}
{2m\,(a c_f-b c_r)}
}
\]
(choose the root that yields \(v_{\text{crit}}>0\); for oversteer typically \(a c_f>b c_r\) so \(a c_f-b c_r>0\).)",0,1,78.0
sample-3,independent_sample,91a57a26-d832-489e-bf26-30cc4d9755a0,671f6889490be3e9a159f485,2,sample_2,candidate,agent-3,"For the linear bicycle (single-track) model at constant speed \(v\), using CG-to-axle distances \(a\) (front), \(b\) (rear), cornering stiffnesses \(c_f,c_r\), mass \(m\), and yaw inertia \(I\), the linear lateral/yaw dynamics become unstable when the eigenvalues of the homogeneous linear system cross the imaginary axis. The corresponding critical speed is

\[
\boxed{
v_{\text{crit}}=
\sqrt{
\frac{I\,(c_f+c_r)}
{m\left(c_f a^2 + c_r b^2 - ab(c_f+c_r)\right)}
}
}
\]

Equivalently (algebraic rearrangement),

\[
\boxed{
v_{\text{crit}}=
\sqrt{
\frac{I\,(c_f+c_r)}
{m\,(a-b)\,(c_f a - c_r b)}
}
}
\]

A real/attainable instability speed requires the quantity under the square root to be positive; for oversteer this is typically associated with \(c_f a > c_r b\) (sign conventions may vary, but the above are the standard bicycle-model result in terms of \(a,b,c_f,c_r\)).",0,1,72.0
sample-3,independent_sample,93bd0685-c456-481e-8ceb-92fd8e2fde47,6731fa3bb08cf72258a21348,0,sample_0,candidate,agent-1,C,0,1,88.0
sample-3,independent_sample,93bd0685-c456-481e-8ceb-92fd8e2fde47,6731fa3bb08cf72258a21348,1,sample_1,candidate,agent-2,C,0,1,74.0
sample-3,independent_sample,93bd0685-c456-481e-8ceb-92fd8e2fde47,6731fa3bb08cf72258a21348,2,sample_2,candidate,agent-3,C,0,1,72.0
sample-3,independent_sample,93bd0685-c456-481e-8ceb-92fd8e2fde47,6731fa3bb08cf72258a21348,3,aggregation,aggregate,,C,0,1,100.0
debate-3-answer,debate,9e271ac1-c89d-42bd-bb49-295721b8ae21,66e8967ae99ca52dd4b94441,0,initial_0,candidate,agent-1,**C prototypes** (one per class centroid).,0,1,78.0
debate-3-answer,debate,9e271ac1-c89d-42bd-bb49-295721b8ae21,66e8967ae99ca52dd4b94441,1,initial_1,candidate,agent-2,Exactly **C prototypes** (one per class centroid) are sufficient and minimal to guarantee correct classification of all **C** class centroids by a distance-weighted soft-label kNN trained on those prototypes.,0,1,78.0
debate-3-answer,debate,9e271ac1-c89d-42bd-bb49-295721b8ae21,66e8967ae99ca52dd4b94441,2,initial_2,candidate,agent-3,\(\boxed{C}\) prototypes (one per class centroid) are sufficient and are the minimum needed to guarantee correct classification of all \(C\) centroids under distance-weighted soft-label \(k\)-NN.,0,1,78.0
debate-3-answer,debate,9e271ac1-c89d-42bd-bb49-295721b8ae21,66e8967ae99ca52dd4b94441,3,debate_1_0,candidate,agent-1,"C prototypes (one per class centroid), placing a prototype exactly at each class centroid.",0,1,86.0
debate-3-answer,debate,9e271ac1-c89d-42bd-bb49-295721b8ae21,66e8967ae99ca52dd4b94441,4,debate_1_1,candidate,agent-2,C,0,1,88.0
debate-3-answer,debate,9e271ac1-c89d-42bd-bb49-295721b8ae21,66e8967ae99ca52dd4b94441,5,debate_1_2,candidate,agent-3,\( \boxed{C} \) prototypes (one per class centroid),0,1,90.0
sample-3,independent_sample,9f52647b-d5e3-4884-8410-17189b2b657f,67057e2f6ab7d0d880663551,0,sample_0,candidate,agent-1,"I can’t determine the hidden word from the five clues alone because the actual “video game trivia answers” for (1)–(5) (the exact words/phrases whose *second letters* we should take) aren’t given, and several clues include intentional substitutions (“DO THIS”, “word substitution”, “replaced two letters”) that make the original intended answers ambiguous.  

If you paste the definitive trivia answers for (1)–(5) (the exact text you’re using), I’ll immediately take the second letter of each in order and return the hidden word.",0,1,12.0
sample-3,independent_sample,9f52647b-d5e3-4884-8410-17189b2b657f,67057e2f6ab7d0d880663551,1,sample_1,candidate,agent-2,"I can’t deterministically reveal the hidden word from (1)–(5) because the puzzle depends on knowing the exact trivia answers (and/or what specific words were substituted), which aren’t uniquely recoverable from the current text alone. If you provide the actual trivia answers for (1)–(5) (or the intended “replaced” words), I’ll take the second letter of each in order and give you the hidden word immediately.",0,1,18.0
sample-3,independent_sample,9f52647b-d5e3-4884-8410-17189b2b657f,67057e2f6ab7d0d880663551,2,sample_2,candidate,agent-3,Unable to determine the hidden word from the current clue text without the exact trivia answers/targets for (1)–(5).,0,1,28.0
sample-3,independent_sample,a00c5cf6-6515-4772-962b-16e76cdeab02,672d5a80f1800d2d85750a71,0,sample_0,candidate,agent-1,бѫдѫтъ,0,1,72.0
sample-3,independent_sample,a00c5cf6-6515-4772-962b-16e76cdeab02,672d5a80f1800d2d85750a71,1,sample_1,candidate,agent-2,бꙑдите,0,1,78.0
sample-3,independent_sample,a00c5cf6-6515-4772-962b-16e76cdeab02,672d5a80f1800d2d85750a71,2,sample_2,candidate,agent-3,бѫдѣте,0,1,38.0
solo,solo,a059df07-7839-4074-a6e8-2565ae8e91ec,670fb58f2ca6bea76e9354a7,0,answer,candidate,agent-1,A,0,1,74.0
debate-3-answer,debate,a4290ab6-67b3-4d88-b17e-36bbf7230b9c,672d5a80f1800d2d85750a71,0,initial_0,candidate,agent-1,бѫдиѭтъ,0,1,52.0
debate-3-answer,debate,a4290ab6-67b3-4d88-b17e-36bbf7230b9c,672d5a80f1800d2d85750a71,1,initial_1,candidate,agent-2,бѫдѣте,0,1,86.0
debate-3-answer,debate,a4290ab6-67b3-4d88-b17e-36bbf7230b9c,672d5a80f1800d2d85750a71,2,initial_2,candidate,agent-3,бѫдѣте,0,1,58.0
debate-3-answer,debate,a4290ab6-67b3-4d88-b17e-36bbf7230b9c,672d5a80f1800d2d85750a71,3,debate_1_0,candidate,agent-1,бѫдѣте,0,1,92.0
debate-3-answer,debate,a4290ab6-67b3-4d88-b17e-36bbf7230b9c,672d5a80f1800d2d85750a71,4,debate_1_1,candidate,agent-2,бѫдѣте,0,1,93.0
debate-3-answer,debate,a4290ab6-67b3-4d88-b17e-36bbf7230b9c,672d5a80f1800d2d85750a71,5,debate_1_2,candidate,agent-3,бѫдѣте,0,1,92.0
debate-3-answer,debate,a4290ab6-67b3-4d88-b17e-36bbf7230b9c,672d5a80f1800d2d85750a71,6,aggregation,aggregate,,бѫдѣте,0,1,100.0
debate-3-answer,debate,ad5314a1-155b-4e2c-a065-b9dcdb2769d3,672fc00e13e5fbd332372f3f,0,initial_0,candidate,agent-1,"As \(N\to\infty\), the leading-order asymptotic mass ratio is \(\displaystyle m_{1}/m_{2}\to 1/2\) (so \(m_2\simeq 2m_1\)).",0,1,74.0
debate-3-answer,debate,ad5314a1-155b-4e2c-a065-b9dcdb2769d3,672fc00e13e5fbd332372f3f,1,initial_1,candidate,agent-2,The leading-order asymptotic mass ratio is \(\displaystyle \lim_{N\to\infty}\frac{m_2}{m_1}=2\).,0,1,86.0
debate-3-answer,debate,ad5314a1-155b-4e2c-a065-b9dcdb2769d3,672fc00e13e5fbd332372f3f,2,initial_2,candidate,agent-3,"The leading-order large-\(N\) asymptotic mass ratio is
\[
\boxed{\displaystyle \lim_{N\to\infty}\frac{m_{\text{2nd lightest}}}{m_{\text{lightest}}}=2}\,,
\]
i.e. \(m_2/m_1 \to 2\).",0,1,86.0
debate-3-answer,debate,ad5314a1-155b-4e2c-a065-b9dcdb2769d3,672fc00e13e5fbd332372f3f,3,debate_1_0,candidate,agent-1,"The lightest solitonic excitation remains asymptotically half the mass of the next one, i.e. \(\displaystyle \lim_{N\to\infty}\frac{m_{\text{lightest}}}{m_{\text{next}}}=\frac{1}{2}\).",0,1,78.0
debate-3-answer,debate,ad5314a1-155b-4e2c-a065-b9dcdb2769d3,672fc00e13e5fbd332372f3f,4,debate_1_1,candidate,agent-2,\(\displaystyle \lim_{N\to\infty}\frac{m_2}{m_1}=2\).,0,1,88.0
debate-3-answer,debate,ad5314a1-155b-4e2c-a065-b9dcdb2769d3,672fc00e13e5fbd332372f3f,5,debate_1_2,candidate,agent-3,The leading-order asymptotic mass ratio is \(\displaystyle \lim_{N\to\infty}\frac{m_2}{m_1}=2\).,0,1,90.0
solo,solo,aec50411-359d-4a2f-8d61-07964afa6c69,66ec8ab4b489956467209e0c,0,answer,candidate,agent-1,2 A,0,1,22.0
sample-3,independent_sample,b3a533e4-0d65-4c5b-840a-d4ebacecbc3f,67260a2a8f9ce8a272ed4e9a,0,sample_0,candidate,agent-1,24:1000000002000000000,0,1,92.0
sample-3,independent_sample,b3a533e4-0d65-4c5b-840a-d4ebacecbc3f,67260a2a8f9ce8a272ed4e9a,1,sample_1,candidate,agent-2,24:1000000002000000000,0,1,98.0
sample-3,independent_sample,b3a533e4-0d65-4c5b-840a-d4ebacecbc3f,67260a2a8f9ce8a272ed4e9a,2,sample_2,candidate,agent-3,24:1000000002000000000,0,1,94.0
sample-3,independent_sample,b3a533e4-0d65-4c5b-840a-d4ebacecbc3f,67260a2a8f9ce8a272ed4e9a,3,aggregation,aggregate,,24:1000000002000000000,0,1,100.0
solo,solo,b3bff2f9-6c99-4cca-af3c-7da39e6eaaf4,670010ff77983eff561814b2,0,answer,candidate,agent-1,B. RGDSPSS,0,1,78.0
sample-3,independent_sample,b572e077-2704-4622-9b17-a9929fb13091,6738d62e37f41423112a76ba,0,sample_0,candidate,agent-1,\(\displaystyle \frac{307}{42}\),0,1,62.0
sample-3,independent_sample,b572e077-2704-4622-9b17-a9929fb13091,6738d62e37f41423112a76ba,1,sample_1,candidate,agent-2,128,0,1,42.0
sample-3,independent_sample,b572e077-2704-4622-9b17-a9929fb13091,6738d62e37f41423112a76ba,2,sample_2,candidate,agent-3,"The outward flux through the two yellow sides in time \(1\) is
\[
\boxed{\frac{46}{21}}.
\]",0,1,62.0
sample-3,independent_sample,b60a35cd-8623-40f2-ac35-2bbc2cc7681c,66e8d4736299517dd7a5da8c,0,sample_0,candidate,agent-1,8 non-top-facing stickers,0,1,78.0
sample-3,independent_sample,b60a35cd-8623-40f2-ac35-2bbc2cc7681c,66e8d4736299517dd7a5da8c,1,sample_1,candidate,agent-2,8,0,1,84.0
sample-3,independent_sample,b60a35cd-8623-40f2-ac35-2bbc2cc7681c,66e8d4736299517dd7a5da8c,2,sample_2,candidate,agent-3,24,0,1,62.0
solo,solo,b7b8b78b-1bff-4e80-99fb-62b1d8688c6a,66ec8ab4b489956467209e0c,0,answer,candidate,agent-1,\(\displaystyle \frac{26}{11}\text{ A}\approx 2.36\text{ A}\),0,1,38.0
debate-3-answer,debate,b96a1151-36b1-44cd-acc3-7858ca654974,6739e06f5a81384176dd28cd,0,initial_0,candidate,agent-1,B,0,1,47.0
debate-3-answer,debate,b96a1151-36b1-44cd-acc3-7858ca654974,6739e06f5a81384176dd28cd,1,initial_1,candidate,agent-2,**A**,0,1,78.0
debate-3-answer,debate,b96a1151-36b1-44cd-acc3-7858ca654974,6739e06f5a81384176dd28cd,2,initial_2,candidate,agent-3,B. It is necessary in any case that \(d\eta =0\),0,1,72.0
debate-3-answer,debate,b96a1151-36b1-44cd-acc3-7858ca654974,6739e06f5a81384176dd28cd,3,debate_1_0,candidate,agent-1,B,0,1,60.0
debate-3-answer,debate,b96a1151-36b1-44cd-acc3-7858ca654974,6739e06f5a81384176dd28cd,4,debate_1_1,candidate,agent-2,A,1,1,83.0
debate-3-answer,debate,b96a1151-36b1-44cd-acc3-7858ca654974,6739e06f5a81384176dd28cd,5,debate_1_2,candidate,agent-3,B. It is necessary in any case that \(d\eta =0\),0,1,65.0
solo,solo,b9d098a1-891b-487e-b3d5-55a9dd57b2dc,6731fa3bb08cf72258a21348,0,answer,candidate,agent-1,C. pCDFDuet-1 with spectinomycin resistance and pET-28a(+) with kanamycin resistance,0,1,82.0
debate-3-answer,debate,c2e2fc7c-ecf9-447a-9fe2-476c37cf2988,672455ce7a14971607e3d9f0,0,initial_0,candidate,agent-1,E,1,1,54.0
debate-3-answer,debate,c2e2fc7c-ecf9-447a-9fe2-476c37cf2988,672455ce7a14971607e3d9f0,1,initial_1,candidate,agent-2,C,0,1,86.0
debate-3-answer,debate,c2e2fc7c-ecf9-447a-9fe2-476c37cf2988,672455ce7a14971607e3d9f0,2,initial_2,candidate,agent-3,C,0,1,78.0
debate-3-answer,debate,c2e2fc7c-ecf9-447a-9fe2-476c37cf2988,672455ce7a14971607e3d9f0,3,debate_1_0,candidate,agent-1,C,0,1,78.0
debate-3-answer,debate,c2e2fc7c-ecf9-447a-9fe2-476c37cf2988,672455ce7a14971607e3d9f0,4,debate_1_1,candidate,agent-2,E,1,1,78.0
debate-3-answer,debate,c2e2fc7c-ecf9-447a-9fe2-476c37cf2988,672455ce7a14971607e3d9f0,5,debate_1_2,candidate,agent-3,C,0,1,86.0
debate-3-answer,debate,c2e2fc7c-ecf9-447a-9fe2-476c37cf2988,672455ce7a14971607e3d9f0,6,aggregation,aggregate,,C,0,1,66.67
solo,solo,c39a74d5-9ca6-4bb3-9b9b-f4c9971dbf58,671d9e9d29e7fde7166e474d,0,answer,candidate,agent-1,C. Al1 and Al2 function as allosteric modulators for Zma1. Al1 and Al2 bind to the same site on Zma1. Rga1 is an irreversible inhibitor.,0,1,78.0
sample-3,independent_sample,c68fae05-cc6e-4a84-9e7c-3b6984e41fd4,66ee1745f77f20ac4db1fd7b,0,sample_0,candidate,agent-1,Smallest pressure-gradient angle to the test-perpendicular direction: **≈ 17.5°**. Maximum/achievable orientation angle by textile rotation: **≈ 72.5°**.,0,1,78.0
sample-3,independent_sample,c68fae05-cc6e-4a84-9e7c-3b6984e41fd4,66ee1745f77f20ac4db1fd7b,1,sample_1,candidate,agent-2,"≈17.7° (about 18°): the smallest pressure-gradient angle relative to the direction perpendicular to the test is ~18°, and the textile can be oriented to achieve that same ~18° angle.",0,1,62.0
sample-3,independent_sample,c68fae05-cc6e-4a84-9e7c-3b6984e41fd4,66ee1745f77f20ac4db1fd7b,2,sample_2,candidate,agent-3,Smallest angle: ≈ 5.7°; largest achievable by textile orientation: ≈ 84.3° (with respect to the direction perpendicular to the test).,0,1,78.0
debate-3-answer,debate,caf020f3-630a-42ab-850b-e314de8d8b1d,67260a2a8f9ce8a272ed4e9a,0,initial_0,candidate,agent-1,24:1000000002000000000,0,1,98.0
debate-3-answer,debate,caf020f3-630a-42ab-850b-e314de8d8b1d,67260a2a8f9ce8a272ed4e9a,1,initial_1,candidate,agent-2,24:1000000001000000000,0,1,98.0
debate-3-answer,debate,caf020f3-630a-42ab-850b-e314de8d8b1d,67260a2a8f9ce8a272ed4e9a,2,initial_2,candidate,agent-3,24:1000000002000000000,0,1,95.0
debate-3-answer,debate,caf020f3-630a-42ab-850b-e314de8d8b1d,67260a2a8f9ce8a272ed4e9a,3,debate_1_0,candidate,agent-1,24:1000000002000000000,0,1,99.0
debate-3-answer,debate,caf020f3-630a-42ab-850b-e314de8d8b1d,67260a2a8f9ce8a272ed4e9a,4,debate_1_1,candidate,agent-2,24:1000000001000000000,0,1,99.0
debate-3-answer,debate,caf020f3-630a-42ab-850b-e314de8d8b1d,67260a2a8f9ce8a272ed4e9a,5,debate_1_2,candidate,agent-3,24:1000000002000000000,0,1,97.0
debate-3-answer,debate,caf020f3-630a-42ab-850b-e314de8d8b1d,67260a2a8f9ce8a272ed4e9a,6,aggregation,aggregate,,24:1000000002000000000,0,1,66.67
sample-3,independent_sample,cb47ee82-2122-41ff-99d3-08f54741a2d9,6725592b4ee96e5b68bb383b,0,sample_0,candidate,agent-1,3-fluorobenzaldehyde,0,1,12.0
sample-3,independent_sample,cb47ee82-2122-41ff-99d3-08f54741a2d9,6725592b4ee96e5b68bb383b,1,sample_1,candidate,agent-2,Nitrogen dioxide,0,1,38.0
sample-3,independent_sample,cb47ee82-2122-41ff-99d3-08f54741a2d9,6725592b4ee96e5b68bb383b,2,sample_2,candidate,agent-3,Methanol,0,1,35.0
debate-3-answer,debate,cca2631a-6c0e-49d4-86f2-51c7121a7bda,670010ff77983eff561814b2,0,initial_0,candidate,agent-1,B. RGDSPSS,0,1,72.0
debate-3-answer,debate,cca2631a-6c0e-49d4-86f2-51c7121a7bda,670010ff77983eff561814b2,1,initial_1,candidate,agent-2,B. RGDSPSS,0,1,72.0
debate-3-answer,debate,cca2631a-6c0e-49d4-86f2-51c7121a7bda,670010ff77983eff561814b2,2,initial_2,candidate,agent-3,B. RGDSPSS,0,1,78.0
debate-3-answer,debate,cca2631a-6c0e-49d4-86f2-51c7121a7bda,670010ff77983eff561814b2,3,debate_1_0,candidate,agent-1,B. RGDSPSS,0,1,78.0
debate-3-answer,debate,cca2631a-6c0e-49d4-86f2-51c7121a7bda,670010ff77983eff561814b2,4,debate_1_1,candidate,agent-2,B. RGDSPSS,0,1,78.0
debate-3-answer,debate,cca2631a-6c0e-49d4-86f2-51c7121a7bda,670010ff77983eff561814b2,5,debate_1_2,candidate,agent-3,B. RGDSPSS,0,1,82.0
debate-3-answer,debate,cca2631a-6c0e-49d4-86f2-51c7121a7bda,670010ff77983eff561814b2,6,aggregation,aggregate,,B. RGDSPSS,0,1,100.0
sample-3,independent_sample,ce6b3129-36fe-4186-b9dc-b6ae343b1ef6,6739e06f5a81384176dd28cd,0,sample_0,candidate,agent-1,A,1,1,52.0
sample-3,independent_sample,ce6b3129-36fe-4186-b9dc-b6ae343b1ef6,6739e06f5a81384176dd28cd,1,sample_1,candidate,agent-2,C,0,1,42.0
sample-3,independent_sample,ce6b3129-36fe-4186-b9dc-b6ae343b1ef6,6739e06f5a81384176dd28cd,2,sample_2,candidate,agent-3,**B**. It is necessary in any case that \(d\eta=0\).,0,1,62.0
sample-3,independent_sample,d58eceac-48df-4ab3-ad48-6cc9dd6e5ae0,671eb856c357c6b4f73592dd,0,sample_0,candidate,agent-1,"In the small-slope (linear) axisymmetric limit, the capillary pressure jump linearizes to
\[
\Delta p_{\text{cap}}=-\gamma\left(\frac{d^2\xi}{dr^2}+\frac1r\frac{d\xi}{dr}\right).
\]
The normal electrostatic pressure jump can be written (Maxwell stress) as a baseline term plus a linearized dependence on the interface position:
\[
\Delta p_{\text{el}}(r,\xi)\simeq \Delta p_{\text{el},0}(r)+K(r)\,\xi(r),
\]
with (for dielectric permittivities \(\varepsilon_b,\varepsilon_a\))
\[
\Delta p_{\text{el},0}(r)=\tfrac12(\varepsilon_b-\varepsilon_a)E_r(r)^2,
\qquad
K(r)\propto \frac{d}{dr}\!\left(E_r(r)^2\right),
\]
i.e. the “electric-field gradient” controls the linear stiffness/forcing.

Electrostatic–capillary equilibrium (gravity neglected) gives
\[
-\gamma\left(\xi''+\frac1r\xi'\right)+\Delta p_{\text{el},0}(r)+K(r)\xi=0.
\]
Rewriting in the form \(A(r)\xi''+B(r)\xi'+C(r,\xi)=0\), after dividing by \(-\gamma\),
\[
\xi''+\frac1r\xi' -\frac{\Delta p_{\text{el},0}(r)}{\gamma}-\frac{K(r)}{\gamma}\xi=0,
\]
so
\[
\boxed{A(r)=1,\qquad B(r)=\frac{1}{r}.}
\]
The electric field enters only through the lower-order term \(C(r,\xi)\); for the common Maxwell-stress scaling,
\[
\boxed{
C(r,\xi)=
-\frac{1}{2\gamma}(\varepsilon_b-\varepsilon_a)\,E_r(r)^2
-\frac{K(r)}{\gamma}\,\xi(r),
\quad K(r)\propto \frac{d}{dr}\!\left(E_r(r)^2\right).
}
\]",0,1,72.0
sample-3,independent_sample,d58eceac-48df-4ab3-ad48-6cc9dd6e5ae0,671eb856c357c6b4f73592dd,1,sample_1,candidate,agent-2,"With gravity neglected and small interface deflection \(|\xi|\) (linearized curvature), the capillary pressure is proportional to \(-\gamma\nabla^2\xi\). Axisymmetry gives
\[
\nabla^2\xi=\frac{d^2\xi}{dr^2}+\frac1r\frac{d\xi}{dr}.
\]
Electrostatics supplies a normal traction that, to leading order in the linear regime, can be evaluated using the unperturbed radial field \(E(r)=-dV/dr\):
\[
p_e(r)=\frac12\,\Delta(\varepsilon)\,E(r)^2=\frac12\,\Delta(\varepsilon)\left(\frac{dV}{dr}\right)^2,\qquad
\Delta(\varepsilon)=\varepsilon_a-\varepsilon_b.
\]
Force balance \(p_\gamma+p_e=0\) yields
\[
-\gamma\left(\xi''+\frac1r\xi'\right)+p_e(r)=0
\;\;\Rightarrow\;\;
\gamma\,\xi''(r)+\frac{\gamma}{r}\,\xi'(r)-\frac12\,\Delta(\varepsilon)\left(\frac{dV}{dr}\right)^2=0.
\]
Hence, in \(A(r)\xi''+B(r)\xi'+C(r,\xi)=0\):
\[
\boxed{A(r)=\gamma,\qquad B(r)=\frac{\gamma}{r},\qquad
C(r,\xi(r))=-\frac12\,\Delta(\varepsilon)\left(\frac{dV}{dr}\right)^2}
\]
(to leading linear order \(C\) is independent of \(\xi\)).",0,1,72.0
sample-3,independent_sample,d58eceac-48df-4ab3-ad48-6cc9dd6e5ae0,671eb856c357c6b4f73592dd,2,sample_2,candidate,agent-3,"Using the linear capillary pressure for an axisymmetric small deformation \(\xi(r)\),
\[
\Delta p_\gamma \simeq -\gamma\left(\frac{d^2\xi}{dr^2}+\frac{1}{r}\frac{d\xi}{dr}\right),
\]
and balancing it with a linearized electrostatic (Maxwell-stress) pressure jump \(\Delta p_e\simeq -\Pi_e(r)\,\xi(r)\) (where \(\Pi_e(r)\) depends on the radial electric field \(E_r(r)\) set by the electrode potential), the governing equation becomes
\[
\gamma\left(\xi''(r)+\frac{1}{r}\xi'(r)\right)+\Pi_e(r)\,\xi(r)=0.
\]
Hence it is of the requested form \(A(r)\xi''+B(r)\xi'+C(r,\xi)=0\) with
\[
\boxed{A(r)=\gamma, \qquad B(r)=\frac{\gamma}{r}}
\]
and
\[
\boxed{C(r,\xi)=\Pi_e(r)\,\xi(r).}
\]
The electric-field influence enters through \(\Pi_e(r)\), which is proportional to the local Maxwell electrostatic pressure, i.e.
\[
\boxed{\Pi_e(r)\propto \Delta\varepsilon\,E_r(r)^2}
\]
(with \(\Delta\varepsilon=\varepsilon_a-\varepsilon_b\) or the appropriate effective permittivity contrast, and any additional geometric/derivative factor depending on the exact linearization). For a purely radial electrode field, \(E_r(r)\sim V/(r\ln(b/R))\), so \(\Pi_e(r)\sim V^2/r^2\) in the simplest ideal geometry.",0,1,62.0
solo,solo,d77a8c45-ab46-482f-8515-dbf3c643a7b7,677940d11be12d785a89f486,0,answer,candidate,agent-1,1,0,1,22.0
solo,solo,d8818228-4cf6-4ea7-a85c-bef9b3854139,66f0247d8777dcd82dba8253,0,answer,candidate,agent-1,z[13],0,1,42.0
solo,solo,d947e309-381c-4c15-bcbe-4ad421205d4d,6738d62e37f41423112a76ba,0,answer,candidate,agent-1,Energy flowing through the two yellow sides in time \(1\) is \(\displaystyle \Phi_{\text{yellow}}=\frac{92}{21}\).,0,1,62.0
solo,solo,dbb358b4-0254-4181-8bd8-17145c08d489,67398780bcaf1e028b8576a2,0,answer,candidate,agent-1,3.413e-1 GeV,0,1,78.0
debate-3-answer,debate,e233639d-e6db-4f20-9d7d-df678fdccbe8,66e9b92578e89514d9ab6093,0,initial_0,candidate,agent-1,"Benin, Burkina Faso, Cameroon, Chad, Republic of the Congo, Gabon, Malawi, Niger, and Tanzania.",0,1,42.0
debate-3-answer,debate,e233639d-e6db-4f20-9d7d-df678fdccbe8,66e9b92578e89514d9ab6093,1,initial_1,candidate,agent-2,"Algeria, Cameroon, Congo (Republic of the Congo), Djibouti, Mali, Senegal, South Africa, and Tunisia.",0,1,38.0
debate-3-answer,debate,e233639d-e6db-4f20-9d7d-df678fdccbe8,66e9b92578e89514d9ab6093,2,initial_2,candidate,agent-3,"Denmark’s flag has maximal matrix rank 2. Under the standard “flags-as-color-matrix with maximal (generic) numeric choices” model, the African flags that also achieve maximal rank 2 are: Algeria, Libya, Morocco, Sudan, Tunisia, and Western Sahara.",0,1,22.0
debate-3-answer,debate,e233639d-e6db-4f20-9d7d-df678fdccbe8,66e9b92578e89514d9ab6093,3,debate_1_0,candidate,agent-1,Cannot be determined from the provided information because the matrix model (grid/embedding and color-to-matrix mapping) is unspecified; the rank of Denmark and the matching African flags depend on those details.,0,1,8.0
debate-3-answer,debate,e233639d-e6db-4f20-9d7d-df678fdccbe8,66e9b92578e89514d9ab6093,4,debate_1_1,candidate,agent-2,"The problem is under-specified: without the exact rule for converting a flag into a matrix (how colors/regions map to matrix entries and what “maximal rank” means under those constraints), there is no well-defined, verifiable set of African flags with the same rank as Denmark. Please provide the matrix encoding definition.",0,1,12.0
debate-3-answer,debate,e233639d-e6db-4f20-9d7d-df678fdccbe8,66e9b92578e89514d9ab6093,5,debate_1_2,candidate,agent-3,"Denmark’s flag (Nordic cross) corresponds to a matrix pattern whose maximal (generic) rank is determined by having **two independent band components**: one horizontal and one vertical (the “cross” decomposes into contributions aligned with those two directions).  

To match Denmark’s **same maximal rank**, an African flag must—under the same “flags as matrices with generic distinct numeric values” convention—also reduce to a pattern with **only those two independent components** (i.e., no additional independent subdivisions beyond what can be spanned by one horizontal and one vertical band contribution).

Checking the other agents’ proposed sets, they include many flags with clearly more than two independent structural regions (e.g., diagonal/triangle-heavy designs or multiple independent partitions), which would generally push the rank above Denmark’s. So those lists are not reliable.

A correct matching set (same maximal rank as Denmark) consists of African flags that are essentially **simple bicolor/tricolor band flags** with no extra independent geometry beyond one directional “banding” component; when embedded in the matrix scheme used for Denmark, these yield the same maximal rank as the cross’s two-direction decomposition.

Among African flags, the ones fitting that criterion best are the **simple horizontal or vertical tricolors/bicolors** that remain within two independent band degrees of freedom in the matrix encoding.

**Updated answer:** **Algeria, Libya, Morocco, Sudan, Tunisia, and Western Sahara.**",0,0,
sample-3,independent_sample,e6dd94cc-b020-417b-b6ae-893e73841e75,671d91bcad7fb0793a0e93bd,0,sample_0,candidate,agent-1,C. Chaps influences the structure of Kag1.,0,1,62.0
sample-3,independent_sample,e6dd94cc-b020-417b-b6ae-893e73841e75,671d91bcad7fb0793a0e93bd,1,sample_1,candidate,agent-2,C. Chaps influences the structure of Kag1.,0,1,58.0
sample-3,independent_sample,e6dd94cc-b020-417b-b6ae-893e73841e75,671d91bcad7fb0793a0e93bd,2,sample_2,candidate,agent-3,C,1,1,58.0
sample-3,independent_sample,e6dd94cc-b020-417b-b6ae-893e73841e75,671d91bcad7fb0793a0e93bd,3,aggregation,aggregate,,C. Chaps influences the structure of Kag1.,0,1,66.67
sample-3,independent_sample,e88ddc4a-5158-47f0-b361-029f4ac79d0b,66e9b92578e89514d9ab6093,0,sample_0,candidate,agent-1,"Ghana, Kenya, Liberia, Nigeria, Senegal, and South Africa.",0,1,32.0
sample-3,independent_sample,e88ddc4a-5158-47f0-b361-029f4ac79d0b,66e9b92578e89514d9ab6093,1,sample_1,candidate,agent-2,"Insufficient information to determine which countries match Denmark’s maximal matrix rank: the matrix representation (grid size and color-to-entry mapping) is not specified, so the rank of each flag is not uniquely defined. Provide the exact construction rules for the matrices and I’ll compute the ranks and list the matching countries.",0,1,72.0
sample-3,independent_sample,e88ddc4a-5158-47f0-b361-029f4ac79d0b,66e9b92578e89514d9ab6093,2,sample_2,candidate,agent-3,"Algeria, Egypt, Ghana, Morocco, Nigeria, Senegal, South Africa, Tunisia.",0,1,18.0
sample-3,independent_sample,ea1fcaee-239c-4f8c-a7a8-6dcd7a13eb55,673ad4214ff8ec86c1487ed3,0,sample_0,candidate,agent-1,"Select: **A, B, C, E, F**.  
(Reason: these capture the core LC design rules—rigid aromatic core, alkyl-chain length tuning, a polar/mesogenic end group for LC stability, and lateral substituents to shift transition temperatures toward ~20–25 °C. **D** is too specific and likely unreliable because reducing a known biphenyl mesogen to a single benzene ring often changes the LC-forming ability and transition temperatures substantially.)",0,1,78.0
sample-3,independent_sample,ea1fcaee-239c-4f8c-a7a8-6dcd7a13eb55,673ad4214ff8ec86c1487ed3,1,sample_1,candidate,agent-2,"A, C, E, F",0,1,78.0
sample-3,independent_sample,ea1fcaee-239c-4f8c-a7a8-6dcd7a13eb55,673ad4214ff8ec86c1487ed3,2,sample_2,candidate,agent-3,"A, C, E, and (with caution) F.
- A: correct requirements.
- C: correct design levers (alkyl tail + terminal polar group + lateral substituents for tuning).
- E: good general starting scaffold (\( \mathrm{CnH_{2n+1}-Ph-CN} \)); this is a plausible single-ring LC motif.
- F: correct tuning strategy (use pentyl as a starting point and adjust chain length; side substituents can fine-tune toward ~20–25 °C).
- B and D are broadly in the right direction, but D is less precise as written and B should explicitly ensure para/linear substitution to maximize anisotropy.",0,1,78.0
debate-3-answer,debate,edeae512-9736-400b-af6f-f9d6f79d3fbc,671d91bcad7fb0793a0e93bd,0,initial_0,candidate,agent-1,**B. Chaps influences the structure of Kag1 by allowing cardiolipin be attached to the protein.**,0,1,62.0
debate-3-answer,debate,edeae512-9736-400b-af6f-f9d6f79d3fbc,671d91bcad7fb0793a0e93bd,1,initial_1,candidate,agent-2,C,1,1,72.0
debate-3-answer,debate,edeae512-9736-400b-af6f-f9d6f79d3fbc,671d91bcad7fb0793a0e93bd,2,initial_2,candidate,agent-3,C. Chaps influences the structure of Kag1.,0,1,63.0
debate-3-answer,debate,edeae512-9736-400b-af6f-f9d6f79d3fbc,671d91bcad7fb0793a0e93bd,3,debate_1_0,candidate,agent-1,C,1,1,78.0
debate-3-answer,debate,edeae512-9736-400b-af6f-f9d6f79d3fbc,671d91bcad7fb0793a0e93bd,4,debate_1_1,candidate,agent-2,C,1,1,86.0
debate-3-answer,debate,edeae512-9736-400b-af6f-f9d6f79d3fbc,671d91bcad7fb0793a0e93bd,5,debate_1_2,candidate,agent-3,C. Chaps influences the structure of Kag1.,0,1,68.0
debate-3-answer,debate,edeae512-9736-400b-af6f-f9d6f79d3fbc,671d91bcad7fb0793a0e93bd,6,aggregation,aggregate,,C,1,1,66.67
solo,solo,f25ba317-dce9-491f-a3fa-a515b506e6e3,673ad4214ff8ec86c1487ed3,0,answer,candidate,agent-1,"Choose: **A, B, C, E, F**.  
Reject **D** as written because it refers to a **biphenyl** derivative (two benzene rings), which violates the “single benzene ring” constraint; if you want this example concept, it must be replaced with a true single-ring cyanoalkylbenzene analog (e.g., cyano–alkyl substituted benzene).",0,1,78.0
debate-3-answer,debate,f3a37601-d146-4867-8ae2-49349e7974b6,671f6889490be3e9a159f485,0,initial_0,candidate,agent-1,"For the linear single-track (bicycle) model at constant speed \(v\), linearized about straight driving, the homogeneous lateral-yaw dynamics in states \(\,v_y\) (lateral velocity) and \(\,r\) (yaw rate) become unstable when the characteristic equation of the \(2\times2\) system changes sign. The corresponding critical speed (instability onset) for an oversteering vehicle is
\[
\boxed{
v_{\text{crit}}
=
\sqrt{\frac{I}{m}\;
\frac{a c_f + b c_r}{a^{2}c_f - b^{2}c_r}}
}
\]
(with parameters such that the fraction is positive/real; this is the oversteer case).",0,1,74.0
debate-3-answer,debate,f3a37601-d146-4867-8ae2-49349e7974b6,671f6889490be3e9a159f485,1,initial_1,candidate,agent-2,"Using the linear single-track (bicycle) model linearized at constant speed \(v\), with states \(\{v_y,r\}\) and \(\delta=0\) for the homogeneous dynamics, the critical (neutral stability) speed at which the lateral–yaw eigenvalues lose stability for an **oversteering vehicle** is
\[
\boxed{
v_{\text{crit}}
=
\sqrt{
\frac{I\left(a c_f - b c_r\right)}
{m\left(c_f+c_r\right)\,}
}}
\qquad \text{valid when } a c_f - b c_r>0.
\]",0,1,72.0
debate-3-answer,debate,f3a37601-d146-4867-8ae2-49349e7974b6,671f6889490be3e9a159f485,2,initial_2,candidate,agent-3,"For the linear single-track (bicycle) model with states \(x=[v_y,\;r]^T\) (lateral velocity and yaw rate), the linearized homogeneous dynamics are
\[
\dot v_y = -\frac{c_f+c_r}{m v}\,v_y -\left(v+\frac{a c_f-b c_r}{m v}\right) r,
\qquad
\dot r = -\frac{a c_f-b c_r}{I v}\,v_y -\frac{a^2 c_f+b^2 c_r}{I v}\,r .
\]
The instability threshold (critical speed) occurs when \(\det(A(v))=0\). This gives
\[
\boxed{\,v_{\text{crit}}=\sqrt{\frac{m\left(a^2 c_f+b^2 c_r\right)}{c_f c_r\,(a+b)^2 + (a c_f-b c_r)^2}}\, }.
\]
For an oversteering vehicle (in the usual sense), the linear lateral dynamics become unstable for \(v>v_{\text{crit}}\).",0,1,78.0
debate-3-answer,debate,f3a37601-d146-4867-8ae2-49349e7974b6,671f6889490be3e9a159f485,3,debate_1_0,candidate,agent-1,"For the linear single-track (bicycle) model linearized about straight motion at constant speed \(v\), with states \([v_y,\;r]^T\) and small-slip tire linearization
\[
\alpha_f=-\frac{v_y+a r}{v}+\delta,\qquad \alpha_r=-\frac{v_y-b r}{v},
\quad F_{yf}=c_f\alpha_f,\;F_{yr}=c_r\alpha_r,
\]
the homogeneous lateral-yaw dynamics become a 2×2 LTI system. The instability (neutral stability) boundary occurs when an eigenvalue crosses the imaginary axis, yielding the standard critical speed for the oversteer regime as
\[
\boxed{
v_{\text{crit}}
=
\sqrt{\frac{I}{m}\;
\frac{a c_f + b c_r}{a^{2}c_f - b^{2}c_r}}
}
\]
(with parameter/sign conditions such that the ratio inside the square root is positive and real for the oversteer case).",0,1,83.0
debate-3-answer,debate,f3a37601-d146-4867-8ae2-49349e7974b6,671f6889490be3e9a159f485,4,debate_1_1,candidate,agent-2,"\[
\boxed{
v_{\text{crit}}
=
\sqrt{
\frac{I}{m}\;
\frac{a c_f-b c_r}{a^{2}c_f+b^{2}c_r}
}
\qquad\text{(real when }a c_f-b c_r>0\text{, i.e. oversteer)}
}
\]",0,1,78.0
debate-3-answer,debate,f3a37601-d146-4867-8ae2-49349e7974b6,671f6889490be3e9a159f485,5,debate_1_2,candidate,agent-3,"Start from the homogeneous linear bicycle (single-track) lateral-yaw dynamics linearized about straight motion at constant speed \(v\). With states \(v_y\) (lateral velocity) and \(r\) (yaw rate),
\[
\dot v_y =-\frac{c_f+c_r}{mv}\,v_y-\Bigl(v+\frac{ac_f-bc_r}{mv}\Bigr)r,\qquad
\dot r =-\frac{ac_f-bc_r}{Iv}\,v_y-\frac{a^2c_f+b^2c_r}{Iv}\,r .
\]
Thus \(\dot x = A(v)x\) with \(x=[v_y\;\; r]^T\). For a \(2\times 2\) system, the stability boundary (neutral stability) is \(\det A(v)=0\). Computing the determinant and solving for \(v\) yields
\[
v_{\text{crit}}^2=\frac{m\left(a^2c_f+b^2c_r\right)}{c_fc_r(a+b)^2+(ac_f-bc_r)^2}.
\]
So the critical speed at which the linear lateral dynamics lose stability is
\[
\boxed{
v_{\text{crit}}=
\sqrt{\frac{m\left(a^2c_f+b^2c_r\right)}{c_fc_r(a+b)^2+(ac_f-bc_r)^2}}
}.
\]
(Oversteer means the system is unstable for \(v>v_{\text{crit}}\) in the usual sign conventions; the above expression is the neutral-stability onset for the linear model.)",0,1,68.0
debate-3-answer,debate,f604e89d-23d4-4b93-ad11-e5d849729640,6701c34caf50fa52ed36ff06,0,initial_0,candidate,agent-1,Contradiction,0,1,62.0
debate-3-answer,debate,f604e89d-23d4-4b93-ad11-e5d849729640,6701c34caf50fa52ed36ff06,1,initial_1,candidate,agent-2,Contradict,0,1,78.0
debate-3-answer,debate,f604e89d-23d4-4b93-ad11-e5d849729640,6701c34caf50fa52ed36ff06,2,initial_2,candidate,agent-3,Contradiction,0,1,64.0
debate-3-answer,debate,f604e89d-23d4-4b93-ad11-e5d849729640,6701c34caf50fa52ed36ff06,3,debate_1_0,candidate,agent-1,Contradiction,0,1,70.0
debate-3-answer,debate,f604e89d-23d4-4b93-ad11-e5d849729640,6701c34caf50fa52ed36ff06,4,debate_1_1,candidate,agent-2,Contradiction,0,1,86.0
debate-3-answer,debate,f604e89d-23d4-4b93-ad11-e5d849729640,6701c34caf50fa52ed36ff06,5,debate_1_2,candidate,agent-3,Contradiction,0,1,90.0
debate-3-answer,debate,f604e89d-23d4-4b93-ad11-e5d849729640,6701c34caf50fa52ed36ff06,6,aggregation,aggregate,,Contradiction,0,1,100.0
solo,solo,f8842dd5-e080-439c-8115-d3a1c462655e,6701c34caf50fa52ed36ff06,0,answer,candidate,agent-1,Alternation,0,1,62.0
solo,solo,f8ad0ea6-3f80-481b-963b-463797499b17,66e8d4736299517dd7a5da8c,0,answer,candidate,agent-1,8,0,1,78.0
solo,solo,fec3f755-05fb-4580-a98d-a7182d16c40a,6725592b4ee96e5b68bb383b,0,answer,candidate,agent-1,Hydrogen fluoride,0,1,42.0
